0 verbose cli C:\Program Files\nodejs\node.exe C:\Program Files\nodejs\node_modules\npm\bin\npm-cli.js
1 info using npm@11.12.1
2 info using node@v25.9.0
3 silly config load:file:C:\Program Files\nodejs\node_modules\npm\npmrc
4 silly config load:file:C:\Users\Windows 10\Desktop\24-20260611T144137Z-3-001(1)\server\.npmrc
5 silly config load:file:C:\Users\Windows 10\.npmrc
6 silly config load:file:C:\Users\Windows 10\AppData\Roaming\npm\etc\npmrc
7 verbose title npm install
8 verbose argv "install" "--cache" "C:\\Users\\Windows 10\\Desktop\\24-20260611T144137Z-3-001(1)\\.npm-cache"
9 verbose logfile logs-max:10 dir:C:\Users\Windows 10\Desktop\24-20260611T144137Z-3-001(1)\.npm-cache\_logs\2026-06-18T10_43_48_189Z-
10 verbose logfile C:\Users\Windows 10\Desktop\24-20260611T144137Z-3-001(1)\.npm-cache\_logs\2026-06-18T10_43_48_189Z-debug-0.log
11 silly logfile done cleaning log files
12 silly packumentCache heap:4496293888 maxSize:1124073472 maxEntrySize:562036736
13 silly idealTree buildDeps
14 verbose shrinkwrap failed to load node_modules/.package-lock.json out of date, updated: node_modules
15 silly reify mark retired [
15 silly reify   'C:\\Users\\Windows 10\\Desktop\\24-20260611T144137Z-3-001(1)\\server\\node_modules\\exponential-backoff'
15 silly reify ]
16 silly reify mark retired [
16 silly reify   'C:\\Users\\Windows 10\\Desktop\\24-20260611T144137Z-3-001(1)\\server\\node_modules\\farmhash-modern'
16 silly reify ]
17 silly reify mark retired [
17 silly reify   'C:\\Users\\Windows 10\\Desktop\\24-20260611T144137Z-3-001(1)\\server\\node_modules\\express'
17 silly reify ]
18 silly reify mark retired [
18 silly reify   'C:\\Users\\Windows 10\\Desktop\\24-20260611T144137Z-3-001(1)\\server\\node_modules\\fast-xml-parser'
18 silly reify ]
19 silly reify mark retired [
19 silly reify   'C:\\Users\\Windows 10\\Desktop\\24-20260611T144137Z-3-001(1)\\server\\node_modules\\faye-websocket'
19 silly reify ]
20 silly reify mark retired [
20 silly reify   'C:\\Users\\Windows 10\\Desktop\\24-20260611T144137Z-3-001(1)\\server\\node_modules\\finalhandler'
20 silly reify ]
21 silly reify mark retired [
21 silly reify   'C:\\Users\\Windows 10\\Desktop\\24-20260611T144137Z-3-001(1)\\server\\node_modules\\follow-redirects'
21 silly reify ]
22 silly reify mark retired [
22 silly reify   'C:\\Users\\Windows 10\\Desktop\\24-20260611T144137Z-3-001(1)\\server\\node_modules\\firebase-admin'
22 silly reify ]
23 silly reify mark retired [
23 silly reify   'C:\\Users\\Windows 10\\Desktop\\24-20260611T144137Z-3-001(1)\\server\\node_modules\\form-data'
23 silly reify ]
24 silly reify mark retired [
24 silly reify   'C:\\Users\\Windows 10\\Desktop\\24-20260611T144137Z-3-001(1)\\server\\node_modules\\fresh'
24 silly reify ]
25 silly reify mark retired [
25 silly reify   'C:\\Users\\Windows 10\\Desktop\\24-20260611T144137Z-3-001(1)\\server\\node_modules\\functional-red-black-tree'
25 silly reify ]
26 silly reify mark retired [
26 silly reify   'C:\\Users\\Windows 10\\Desktop\\24-20260611T144137Z-3-001(1)\\server\\node_modules\\gaxios'
26 silly reify ]
27 silly reify mark retired [
27 silly reify   'C:\\Users\\Windows 10\\Desktop\\24-20260611T144137Z-3-001(1)\\server\\node_modules\\gcp-metadata'
27 silly reify ]
28 silly reify mark retired [
28 silly reify   'C:\\Users\\Windows 10\\Desktop\\24-20260611T144137Z-3-001(1)\\server\\node_modules\\get-caller-file'
28 silly reify ]
29 silly reify mark retired [
29 silly reify   'C:\\Users\\Windows 10\\Desktop\\24-20260611T144137Z-3-001(1)\\server\\node_modules\\google-auth-library'
29 silly reify ]
30 silly reify mark retired [
30 silly reify   'C:\\Users\\Windows 10\\Desktop\\24-20260611T144137Z-3-001(1)\\server\\node_modules\\google-logging-utils'
30 silly reify ]
31 silly reify mark retired [
31 silly reify   'C:\\Users\\Windows 10\\Desktop\\24-20260611T144137Z-3-001(1)\\server\\node_modules\\google-gax'
31 silly reify ]
32 silly reify mark retired [
32 silly reify   'C:\\Users\\Windows 10\\Desktop\\24-20260611T144137Z-3-001(1)\\server\\node_modules\\gtoken'
32 silly reify ]
33 silly reify mark retired [
33 silly reify   'C:\\Users\\Windows 10\\Desktop\\24-20260611T144137Z-3-001(1)\\server\\node_modules\\html-entities'
33 silly reify ]
34 silly reify mark retired [
34 silly reify   'C:\\Users\\Windows 10\\Desktop\\24-20260611T144137Z-3-001(1)\\server\\node_modules\\http-parser-js'
34 silly reify ]
35 silly reify mark retired [
35 silly reify   'C:\\Users\\Windows 10\\Desktop\\24-20260611T144137Z-3-001(1)\\server\\node_modules\\https-proxy-agent'
35 silly reify ]
36 silly reify mark retired [
36 silly reify   'C:\\Users\\Windows 10\\Desktop\\24-20260611T144137Z-3-001(1)\\server\\node_modules\\http-proxy-agent'
36 silly reify ]
37 silly reify mark retired [
37 silly reify   'C:\\Users\\Windows 10\\Desktop\\24-20260611T144137Z-3-001(1)\\server\\node_modules\\iconv-lite'
37 silly reify ]
38 silly reify mark retired [
38 silly reify   'C:\\Users\\Windows 10\\Desktop\\24-20260611T144137Z-3-001(1)\\server\\node_modules\\ignore-by-default'
38 silly reify ]
39 silly reify mark retired [
39 silly reify   'C:\\Users\\Windows 10\\Desktop\\24-20260611T144137Z-3-001(1)\\server\\node_modules\\is-unsafe'
39 silly reify ]
40 silly reify mark retired [
40 silly reify   'C:\\Users\\Windows 10\\Desktop\\24-20260611T144137Z-3-001(1)\\server\\node_modules\\is-stream'
40 silly reify ]
41 silly reify mark retired [
41 silly reify   'C:\\Users\\Windows 10\\Desktop\\24-20260611T144137Z-3-001(1)\\server\\node_modules\\jose'
41 silly reify ]
42 silly reify mark retired [
42 silly reify   'C:\\Users\\Windows 10\\Desktop\\24-20260611T144137Z-3-001(1)\\server\\node_modules\\isexe'
42 silly reify ]
43 silly reify mark retired [
43 silly reify   'C:\\Users\\Windows 10\\Desktop\\24-20260611T144137Z-3-001(1)\\server\\node_modules\\json-bigint'
43 silly reify ]
44 silly reify mark retired [
44 silly reify   'C:\\Users\\Windows 10\\Desktop\\24-20260611T144137Z-3-001(1)\\server\\node_modules\\jwks-rsa'
44 silly reify ]
45 silly reify mark retired [
45 silly reify   'C:\\Users\\Windows 10\\Desktop\\24-20260611T144137Z-3-001(1)\\server\\node_modules\\limiter'
45 silly reify ]
46 silly reify mark retired [
46 silly reify   'C:\\Users\\Windows 10\\Desktop\\24-20260611T144137Z-3-001(1)\\server\\node_modules\\lodash'
46 silly reify ]
47 silly reify mark retired [
47 silly reify   'C:\\Users\\Windows 10\\Desktop\\24-20260611T144137Z-3-001(1)\\server\\node_modules\\lodash.camelcase'
47 silly reify ]
48 silly reify mark retired [
48 silly reify   'C:\\Users\\Windows 10\\Desktop\\24-20260611T144137Z-3-001(1)\\server\\node_modules\\lodash.clonedeep'
48 silly reify ]
49 silly reify mark retired [
49 silly reify   'C:\\Users\\Windows 10\\Desktop\\24-20260611T144137Z-3-001(1)\\server\\node_modules\\long'
49 silly reify ]
50 silly reify mark retired [
50 silly reify   'C:\\Users\\Windows 10\\Desktop\\24-20260611T144137Z-3-001(1)\\server\\node_modules\\lru-memoizer'
50 silly reify ]
51 silly reify mark retired [
51 silly reify   'C:\\Users\\Windows 10\\Desktop\\24-20260611T144137Z-3-001(1)\\server\\node_modules\\lru-cache'
51 silly reify ]
52 silly reify mark retired [
52 silly reify   'C:\\Users\\Windows 10\\Desktop\\24-20260611T144137Z-3-001(1)\\server\\node_modules\\merge-descriptors'
52 silly reify ]
53 silly reify mark retired [
53 silly reify   'C:\\Users\\Windows 10\\Desktop\\24-20260611T144137Z-3-001(1)\\server\\node_modules\\media-typer'
53 silly reify ]
54 silly reify mark retired [
54 silly reify   'C:\\Users\\Windows 10\\Desktop\\24-20260611T144137Z-3-001(1)\\server\\node_modules\\methods'
54 silly reify ]
55 silly reify mark retired [
55 silly reify   'C:\\Users\\Windows 10\\Desktop\\24-20260611T144137Z-3-001(1)\\server\\node_modules\\mime'
55 silly reify ]
56 silly reify mark retired [
56 silly reify   'C:\\Users\\Windows 10\\Desktop\\24-20260611T144137Z-3-001(1)\\server\\node_modules\\minipass'
56 silly reify ]
57 silly reify mark retired [
57 silly reify   'C:\\Users\\Windows 10\\Desktop\\24-20260611T144137Z-3-001(1)\\server\\node_modules\\minizlib'
57 silly reify ]
58 silly reify mark retired [
58 silly reify   'C:\\Users\\Windows 10\\Desktop\\24-20260611T144137Z-3-001(1)\\server\\node_modules\\morgan'
58 silly reify ]
59 silly reify mark retired [
59 silly reify   'C:\\Users\\Windows 10\\Desktop\\24-20260611T144137Z-3-001(1)\\server\\node_modules\\ms'
59 silly reify ]
60 silly reify mark retired [
60 silly reify   'C:\\Users\\Windows 10\\Desktop\\24-20260611T144137Z-3-001(1)\\server\\node_modules\\negotiator'
60 silly reify ]
61 silly reify mark retired [
61 silly reify   'C:\\Users\\Windows 10\\Desktop\\24-20260611T144137Z-3-001(1)\\server\\node_modules\\node-addon-api'
61 silly reify ]
62 silly reify mark retired [
62 silly reify   'C:\\Users\\Windows 10\\Desktop\\24-20260611T144137Z-3-001(1)\\server\\node_modules\\node-fetch'
62 silly reify ]
63 silly reify mark retired [
63 silly reify   'C:\\Users\\Windows 10\\Desktop\\24-20260611T144137Z-3-001(1)\\server\\node_modules\\node-forge'
63 silly reify ]
64 silly reify mark retired [
64 silly reify   'C:\\Users\\Windows 10\\Desktop\\24-20260611T144137Z-3-001(1)\\server\\node_modules\\node-gyp'
64 silly reify ]
65 silly reify mark retired [
65 silly reify   'C:\\Users\\Windows 10\\Desktop\\24-20260611T144137Z-3-001(1)\\server\\node_modules\\nodemon'
65 silly reify ]
66 silly reify mark retired [
66 silly reify   'C:\\Users\\Windows 10\\Desktop\\24-20260611T144137Z-3-001(1)\\server\\node_modules\\nopt'
66 silly reify ]
67 silly reify mark retired [
67 silly reify   'C:\\Users\\Windows 10\\Desktop\\24-20260611T144137Z-3-001(1)\\server\\node_modules\\on-headers'
67 silly reify ]
68 silly reify mark retired [
68 silly reify   'C:\\Users\\Windows 10\\Desktop\\24-20260611T144137Z-3-001(1)\\server\\node_modules\\path-to-regexp'
68 silly reify ]
69 silly reify mark retired [
69 silly reify   'C:\\Users\\Windows 10\\Desktop\\24-20260611T144137Z-3-001(1)\\server\\node_modules\\pg'
69 silly reify ]
70 silly reify mark retired [
70 silly reify   'C:\\Users\\Windows 10\\Desktop\\24-20260611T144137Z-3-001(1)\\server\\node_modules\\pg-cloudflare'
70 silly reify ]
71 silly reify mark retired [
71 silly reify   'C:\\Users\\Windows 10\\Desktop\\24-20260611T144137Z-3-001(1)\\server\\node_modules\\pg-connection-string'
71 silly reify ]
72 silly reify mark retired [
72 silly reify   'C:\\Users\\Windows 10\\Desktop\\24-20260611T144137Z-3-001(1)\\server\\node_modules\\pg-pool'
72 silly reify ]
73 silly reify mark retired [
73 silly reify   'C:\\Users\\Windows 10\\Desktop\\24-20260611T144137Z-3-001(1)\\server\\node_modules\\pg-protocol'
73 silly reify ]
74 silly reify mark retired [
74 silly reify   'C:\\Users\\Windows 10\\Desktop\\24-20260611T144137Z-3-001(1)\\server\\node_modules\\proc-log'
74 silly reify ]
75 silly reify mark retired [
75 silly reify   'C:\\Users\\Windows 10\\Desktop\\24-20260611T144137Z-3-001(1)\\server\\node_modules\\proto3-json-serializer'
75 silly reify ]
76 silly reify mark retired [
76 silly reify   'C:\\Users\\Windows 10\\Desktop\\24-20260611T144137Z-3-001(1)\\server\\node_modules\\protobufjs'
76 silly reify ]
77 silly reify mark retired [
77 silly reify   'C:\\Users\\Windows 10\\Desktop\\24-20260611T144137Z-3-001(1)\\server\\node_modules\\proxy-from-env'
77 silly reify ]
78 silly reify mark retired [
78 silly reify   'C:\\Users\\Windows 10\\Desktop\\24-20260611T144137Z-3-001(1)\\server\\node_modules\\pstree.remy'
78 silly reify ]
79 silly reify mark retired [
79 silly reify   'C:\\Users\\Windows 10\\Desktop\\24-20260611T144137Z-3-001(1)\\server\\node_modules\\qs'
79 silly reify ]
80 silly reify mark retired [
80 silly reify   'C:\\Users\\Windows 10\\Desktop\\24-20260611T144137Z-3-001(1)\\server\\node_modules\\raw-body'
80 silly reify ]
81 silly reify mark retired [
81 silly reify   'C:\\Users\\Windows 10\\Desktop\\24-20260611T144137Z-3-001(1)\\server\\node_modules\\require-directory'
81 silly reify ]
82 silly reify mark retired [
82 silly reify   'C:\\Users\\Windows 10\\Desktop\\24-20260611T144137Z-3-001(1)\\server\\node_modules\\retry'
82 silly reify ]
83 silly reify mark retired [
83 silly reify   'C:\\Users\\Windows 10\\Desktop\\24-20260611T144137Z-3-001(1)\\server\\node_modules\\retry-request'
83 silly reify ]
84 silly reify mark retired [
84 silly reify   'C:\\Users\\Windows 10\\Desktop\\24-20260611T144137Z-3-001(1)\\server\\node_modules\\send'
84 silly reify ]
85 silly reify mark retired [
85 silly reify   'C:\\Users\\Windows 10\\Desktop\\24-20260611T144137Z-3-001(1)\\server\\node_modules\\sequelize'
85 silly reify ]
86 silly reify mark retired [
86 silly reify   'C:\\Users\\Windows 10\\Desktop\\24-20260611T144137Z-3-001(1)\\server\\node_modules\\serve-static'
86 silly reify ]
87 silly reify mark retired [
87 silly reify   'C:\\Users\\Windows 10\\Desktop\\24-20260611T144137Z-3-001(1)\\server\\node_modules\\side-channel'
87 silly reify ]
88 silly reify mark retired [
88 silly reify   'C:\\Users\\Windows 10\\Desktop\\24-20260611T144137Z-3-001(1)\\server\\node_modules\\simple-update-notifier'
88 silly reify ]
89 silly reify mark retired [
89 silly reify   'C:\\Users\\Windows 10\\Desktop\\24-20260611T144137Z-3-001(1)\\server\\node_modules\\sqlite3'
89 silly reify ]
90 silly reify mark retired [
90 silly reify   'C:\\Users\\Windows 10\\Desktop\\24-20260611T144137Z-3-001(1)\\server\\node_modules\\stream-events'
90 silly reify ]
91 silly reify mark retired [
91 silly reify   'C:\\Users\\Windows 10\\Desktop\\24-20260611T144137Z-3-001(1)\\server\\node_modules\\stream-shift'
91 silly reify ]
92 silly reify mark retired [
92 silly reify   'C:\\Users\\Windows 10\\Desktop\\24-20260611T144137Z-3-001(1)\\server\\node_modules\\strnum'
92 silly reify ]
93 silly reify mark retired [
93 silly reify   'C:\\Users\\Windows 10\\Desktop\\24-20260611T144137Z-3-001(1)\\server\\node_modules\\stubs'
93 silly reify ]
94 silly reify mark retired [
94 silly reify   'C:\\Users\\Windows 10\\Desktop\\24-20260611T144137Z-3-001(1)\\server\\node_modules\\tar'
94 silly reify ]
95 silly reify mark retired [
95 silly reify   'C:\\Users\\Windows 10\\Desktop\\24-20260611T144137Z-3-001(1)\\server\\node_modules\\teeny-request'
95 silly reify ]
96 silly reify mark retired [
96 silly reify   'C:\\Users\\Windows 10\\Desktop\\24-20260611T144137Z-3-001(1)\\server\\node_modules\\touch'
96 silly reify ]
97 silly reify mark retired [
97 silly reify   'C:\\Users\\Windows 10\\Desktop\\24-20260611T144137Z-3-001(1)\\server\\node_modules\\type-is'
97 silly reify ]
98 silly reify mark retired [
98 silly reify   'C:\\Users\\Windows 10\\Desktop\\24-20260611T144137Z-3-001(1)\\server\\node_modules\\underscore'
98 silly reify ]
99 silly reify mark retired [
99 silly reify   'C:\\Users\\Windows 10\\Desktop\\24-20260611T144137Z-3-001(1)\\server\\node_modules\\undefsafe'
99 silly reify ]
100 silly reify mark retired [
100 silly reify   'C:\\Users\\Windows 10\\Desktop\\24-20260611T144137Z-3-001(1)\\server\\node_modules\\undici'
100 silly reify ]
101 silly reify mark retired [
101 silly reify   'C:\\Users\\Windows 10\\Desktop\\24-20260611T144137Z-3-001(1)\\server\\node_modules\\utils-merge'
101 silly reify ]
102 silly reify mark retired [
102 silly reify   'C:\\Users\\Windows 10\\Desktop\\24-20260611T144137Z-3-001(1)\\server\\node_modules\\uuid'
102 silly reify ]
103 silly reify mark retired [
103 silly reify   'C:\\Users\\Windows 10\\Desktop\\24-20260611T144137Z-3-001(1)\\server\\node_modules\\validator'
103 silly reify ]
104 silly reify mark retired [
104 silly reify   'C:\\Users\\Windows 10\\Desktop\\24-20260611T144137Z-3-001(1)\\server\\node_modules\\websocket-driver'
104 silly reify ]
105 silly reify mark retired [
105 silly reify   'C:\\Users\\Windows 10\\Desktop\\24-20260611T144137Z-3-001(1)\\server\\node_modules\\which'
105 silly reify ]
106 silly reify mark retired [
106 silly reify   'C:\\Users\\Windows 10\\Desktop\\24-20260611T144137Z-3-001(1)\\server\\node_modules\\websocket-extensions'
106 silly reify ]
107 silly reify mark retired [
107 silly reify   'C:\\Users\\Windows 10\\Desktop\\24-20260611T144137Z-3-001(1)\\server\\node_modules\\xml-naming'
107 silly reify ]
108 silly reify mark retired [
108 silly reify   'C:\\Users\\Windows 10\\Desktop\\24-20260611T144137Z-3-001(1)\\server\\node_modules\\y18n'
108 silly reify ]
109 silly reify mark retired [
109 silly reify   'C:\\Users\\Windows 10\\Desktop\\24-20260611T144137Z-3-001(1)\\server\\node_modules\\yargs'
109 silly reify ]
110 silly reify mark retired [
110 silly reify   'C:\\Users\\Windows 10\\Desktop\\24-20260611T144137Z-3-001(1)\\server\\node_modules\\yallist'
110 silly reify ]
111 silly reify mark retired [
111 silly reify   'C:\\Users\\Windows 10\\Desktop\\24-20260611T144137Z-3-001(1)\\server\\node_modules\\yargs-parser'
111 silly reify ]
112 silly reify mark retired [
112 silly reify   'C:\\Users\\Windows 10\\Desktop\\24-20260611T144137Z-3-001(1)\\server\\node_modules\\@fastify\\busboy'
112 silly reify ]
113 silly reify mark retired [
113 silly reify   'C:\\Users\\Windows 10\\Desktop\\24-20260611T144137Z-3-001(1)\\server\\node_modules\\@firebase\\app-check-interop-types'
113 silly reify ]
114 silly reify mark retired [
114 silly reify   'C:\\Users\\Windows 10\\Desktop\\24-20260611T144137Z-3-001(1)\\server\\node_modules\\@firebase\\app-types'
114 silly reify ]
115 silly reify mark retired [
115 silly reify   'C:\\Users\\Windows 10\\Desktop\\24-20260611T144137Z-3-001(1)\\server\\node_modules\\@firebase\\auth-interop-types'
115 silly reify ]
116 silly reify mark retired [
116 silly reify   'C:\\Users\\Windows 10\\Desktop\\24-20260611T144137Z-3-001(1)\\server\\node_modules\\@firebase\\component'
116 silly reify ]
117 silly reify mark retired [
117 silly reify   'C:\\Users\\Windows 10\\Desktop\\24-20260611T144137Z-3-001(1)\\server\\node_modules\\@firebase\\database'
117 silly reify ]
118 silly reify mark retired [
118 silly reify   'C:\\Users\\Windows 10\\Desktop\\24-20260611T144137Z-3-001(1)\\server\\node_modules\\@firebase\\database-compat'
118 silly reify ]
119 silly reify mark retired [
119 silly reify   'C:\\Users\\Windows 10\\Desktop\\24-20260611T144137Z-3-001(1)\\server\\node_modules\\@firebase\\database-types'
119 silly reify ]
120 silly reify mark retired [
120 silly reify   'C:\\Users\\Windows 10\\Desktop\\24-20260611T144137Z-3-001(1)\\server\\node_modules\\@firebase\\logger'
120 silly reify ]
121 silly reify mark retired [
121 silly reify   'C:\\Users\\Windows 10\\Desktop\\24-20260611T144137Z-3-001(1)\\server\\node_modules\\@firebase\\util'
121 silly reify ]
122 silly reify mark retired [
122 silly reify   'C:\\Users\\Windows 10\\Desktop\\24-20260611T144137Z-3-001(1)\\server\\node_modules\\@google-cloud\\firestore'
122 silly reify ]
123 silly reify mark retired [
123 silly reify   'C:\\Users\\Windows 10\\Desktop\\24-20260611T144137Z-3-001(1)\\server\\node_modules\\@google-cloud\\paginator'
123 silly reify ]
124 silly reify mark retired [
124 silly reify   'C:\\Users\\Windows 10\\Desktop\\24-20260611T144137Z-3-001(1)\\server\\node_modules\\@google-cloud\\promisify'
124 silly reify ]
125 silly reify mark retired [
125 silly reify   'C:\\Users\\Windows 10\\Desktop\\24-20260611T144137Z-3-001(1)\\server\\node_modules\\@google-cloud\\projectify'
125 silly reify ]
126 silly reify mark retired [
126 silly reify   'C:\\Users\\Windows 10\\Desktop\\24-20260611T144137Z-3-001(1)\\server\\node_modules\\@google-cloud\\storage'
126 silly reify ]
127 silly reify mark retired [
127 silly reify   'C:\\Users\\Windows 10\\Desktop\\24-20260611T144137Z-3-001(1)\\server\\node_modules\\@grpc\\grpc-js'
127 silly reify ]
128 silly reify mark retired [
128 silly reify   'C:\\Users\\Windows 10\\Desktop\\24-20260611T144137Z-3-001(1)\\server\\node_modules\\@grpc\\proto-loader'
128 silly reify ]
129 silly reify mark retired [
129 silly reify   'C:\\Users\\Windows 10\\Desktop\\24-20260611T144137Z-3-001(1)\\server\\node_modules\\@isaacs\\fs-minipass'
129 silly reify ]
130 silly reify mark retired [
130 silly reify   'C:\\Users\\Windows 10\\Desktop\\24-20260611T144137Z-3-001(1)\\server\\node_modules\\@js-sdsl\\ordered-map'
130 silly reify ]
131 silly reify mark retired [
131 silly reify   'C:\\Users\\Windows 10\\Desktop\\24-20260611T144137Z-3-001(1)\\server\\node_modules\\@nodable\\entities'
131 silly reify ]
132 silly reify mark retired [
132 silly reify   'C:\\Users\\Windows 10\\Desktop\\24-20260611T144137Z-3-001(1)\\server\\node_modules\\@opentelemetry\\api'
132 silly reify ]
133 silly reify mark retired [
133 silly reify   'C:\\Users\\Windows 10\\Desktop\\24-20260611T144137Z-3-001(1)\\server\\node_modules\\@protobufjs\\aspromise'
133 silly reify ]
134 silly reify mark retired [
134 silly reify   'C:\\Users\\Windows 10\\Desktop\\24-20260611T144137Z-3-001(1)\\server\\node_modules\\@protobufjs\\base64'
134 silly reify ]
135 silly reify mark retired [
135 silly reify   'C:\\Users\\Windows 10\\Desktop\\24-20260611T144137Z-3-001(1)\\server\\node_modules\\@protobufjs\\eventemitter'
135 silly reify ]
136 silly reify mark retired [
136 silly reify   'C:\\Users\\Windows 10\\Desktop\\24-20260611T144137Z-3-001(1)\\server\\node_modules\\@protobufjs\\codegen'
136 silly reify ]
137 silly reify mark retired [
137 silly reify   'C:\\Users\\Windows 10\\Desktop\\24-20260611T144137Z-3-001(1)\\server\\node_modules\\@protobufjs\\fetch'
137 silly reify ]
138 silly reify mark retired [
138 silly reify   'C:\\Users\\Windows 10\\Desktop\\24-20260611T144137Z-3-001(1)\\server\\node_modules\\@protobufjs\\float'
138 silly reify ]
139 silly reify mark retired [
139 silly reify   'C:\\Users\\Windows 10\\Desktop\\24-20260611T144137Z-3-001(1)\\server\\node_modules\\@protobufjs\\path'
139 silly reify ]
140 silly reify mark retired [
140 silly reify   'C:\\Users\\Windows 10\\Desktop\\24-20260611T144137Z-3-001(1)\\server\\node_modules\\@protobufjs\\pool'
140 silly reify ]
141 silly reify mark retired [
141 silly reify   'C:\\Users\\Windows 10\\Desktop\\24-20260611T144137Z-3-001(1)\\server\\node_modules\\@protobufjs\\utf8'
141 silly reify ]
142 silly reify mark retired [
142 silly reify   'C:\\Users\\Windows 10\\Desktop\\24-20260611T144137Z-3-001(1)\\server\\node_modules\\@tootallnate\\once'
142 silly reify ]
143 silly reify mark retired [
143 silly reify   'C:\\Users\\Windows 10\\Desktop\\24-20260611T144137Z-3-001(1)\\server\\node_modules\\@types\\caseless'
143 silly reify ]
144 silly reify mark retired [
144 silly reify   'C:\\Users\\Windows 10\\Desktop\\24-20260611T144137Z-3-001(1)\\server\\node_modules\\@types\\long'
144 silly reify ]
145 silly reify mark retired [
145 silly reify   'C:\\Users\\Windows 10\\Desktop\\24-20260611T144137Z-3-001(1)\\server\\node_modules\\@types\\node'
145 silly reify ]
146 silly reify mark retired [
146 silly reify   'C:\\Users\\Windows 10\\Desktop\\24-20260611T144137Z-3-001(1)\\server\\node_modules\\@types\\request'
146 silly reify ]
147 silly reify mark retired [
147 silly reify   'C:\\Users\\Windows 10\\Desktop\\24-20260611T144137Z-3-001(1)\\server\\node_modules\\@types\\tough-cookie'
147 silly reify ]
148 silly reify moves {
148 silly reify   'C:\\Users\\Windows 10\\Desktop\\24-20260611T144137Z-3-001(1)\\server\\node_modules\\exponential-backoff': 'C:\\Users\\Windows 10\\Desktop\\24-20260611T144137Z-3-001(1)\\server\\node_modules\\.exponential-backoff-4VamTciv',
148 silly reify   'C:\\Users\\Windows 10\\Desktop\\24-20260611T144137Z-3-001(1)\\server\\node_modules\\farmhash-modern': 'C:\\Users\\Windows 10\\Desktop\\24-20260611T144137Z-3-001(1)\\server\\node_modules\\.farmhash-modern-ijkYnAJK',
148 silly reify   'C:\\Users\\Windows 10\\Desktop\\24-20260611T144137Z-3-001(1)\\server\\node_modules\\express': 'C:\\Users\\Windows 10\\Desktop\\24-20260611T144137Z-3-001(1)\\server\\node_modules\\.express-XYuE7tD7',
148 silly reify   'C:\\Users\\Windows 10\\Desktop\\24-20260611T144137Z-3-001(1)\\server\\node_modules\\fast-xml-parser': 'C:\\Users\\Windows 10\\Desktop\\24-20260611T144137Z-3-001(1)\\server\\node_modules\\.fast-xml-parser-Uaqk02aa',
148 silly reify   'C:\\Users\\Windows 10\\Desktop\\24-20260611T144137Z-3-001(1)\\server\\node_modules\\faye-websocket': 'C:\\Users\\Windows 10\\Desktop\\24-20260611T144137Z-3-001(1)\\server\\node_modules\\.faye-websocket-j6BVWr2r',
148 silly reify   'C:\\Users\\Windows 10\\Desktop\\24-20260611T144137Z-3-001(1)\\server\\node_modules\\finalhandler': 'C:\\Users\\Windows 10\\Desktop\\24-20260611T144137Z-3-001(1)\\server\\node_modules\\.finalhandler-lFHPX9NJ',
148 silly reify   'C:\\Users\\Windows 10\\Desktop\\24-20260611T144137Z-3-001(1)\\server\\node_modules\\follow-redirects': 'C:\\Users\\Windows 10\\Desktop\\24-20260611T144137Z-3-001(1)\\server\\node_modules\\.follow-redirects-bOKF7rH6',
148 silly reify   'C:\\Users\\Windows 10\\Desktop\\24-20260611T144137Z-3-001(1)\\server\\node_modules\\firebase-admin': 'C:\\Users\\Windows 10\\Desktop\\24-20260611T144137Z-3-001(1)\\server\\node_modules\\.firebase-admin-PoqHZ6WB',
148 silly reify   'C:\\Users\\Windows 10\\Desktop\\24-20260611T144137Z-3-001(1)\\server\\node_modules\\form-data': 'C:\\Users\\Windows 10\\Desktop\\24-20260611T144137Z-3-001(1)\\server\\node_modules\\.form-data-ikYqWFUt',
148 silly reify   'C:\\Users\\Windows 10\\Desktop\\24-20260611T144137Z-3-001(1)\\server\\node_modules\\fresh': 'C:\\Users\\Windows 10\\Desktop\\24-20260611T144137Z-3-001(1)\\server\\node_modules\\.fresh-ane0Q0pw',
148 silly reify   'C:\\Users\\Windows 10\\Desktop\\24-20260611T144137Z-3-001(1)\\server\\node_modules\\functional-red-black-tree': 'C:\\Users\\Windows 10\\Desktop\\24-20260611T144137Z-3-001(1)\\server\\node_modules\\.functional-red-black-tree-cnZHSSvN',
148 silly reify   'C:\\Users\\Windows 10\\Desktop\\24-20260611T144137Z-3-001(1)\\server\\node_modules\\gaxios': 'C:\\Users\\Windows 10\\Desktop\\24-20260611T144137Z-3-001(1)\\server\\node_modules\\.gaxios-PR228qZs',
148 silly reify   'C:\\Users\\Windows 10\\Desktop\\24-20260611T144137Z-3-001(1)\\server\\node_modules\\gcp-metadata': 'C:\\Users\\Windows 10\\Desktop\\24-20260611T144137Z-3-001(1)\\server\\node_modules\\.gcp-metadata-GnwiXQOo',
148 silly reify   'C:\\Users\\Windows 10\\Desktop\\24-20260611T144137Z-3-001(1)\\server\\node_modules\\get-caller-file': 'C:\\Users\\Windows 10\\Desktop\\24-20260611T144137Z-3-001(1)\\server\\node_modules\\.get-caller-file-atxHYh9U',
148 silly reify   'C:\\Users\\Windows 10\\Desktop\\24-20260611T144137Z-3-001(1)\\server\\node_modules\\google-auth-library': 'C:\\Users\\Windows 10\\Desktop\\24-20260611T144137Z-3-001(1)\\server\\node_modules\\.google-auth-library-K1YgJFxh',
148 silly reify   'C:\\Users\\Windows 10\\Desktop\\24-20260611T144137Z-3-001(1)\\server\\node_modules\\google-logging-utils': 'C:\\Users\\Windows 10\\Desktop\\24-20260611T144137Z-3-001(1)\\server\\node_modules\\.google-logging-utils-tINySPAk',
148 silly reify   'C:\\Users\\Windows 10\\Desktop\\24-20260611T144137Z-3-001(1)\\server\\node_modules\\google-gax': 'C:\\Users\\Windows 10\\Desktop\\24-20260611T144137Z-3-001(1)\\server\\node_modules\\.google-gax-3wMN1t9a',
148 silly reify   'C:\\Users\\Windows 10\\Desktop\\24-20260611T144137Z-3-001(1)\\server\\node_modules\\gtoken': 'C:\\Users\\Windows 10\\Desktop\\24-20260611T144137Z-3-001(1)\\server\\node_modules\\.gtoken-8kJoP7dF',
148 silly reify   'C:\\Users\\Windows 10\\Desktop\\24-20260611T144137Z-3-001(1)\\server\\node_modules\\html-entities': 'C:\\Users\\Windows 10\\Desktop\\24-20260611T144137Z-3-001(1)\\server\\node_modules\\.html-entities-HS0WrCbn',
148 silly reify   'C:\\Users\\Windows 10\\Desktop\\24-20260611T144137Z-3-001(1)\\server\\node_modules\\http-parser-js': 'C:\\Users\\Windows 10\\Desktop\\24-20260611T144137Z-3-001(1)\\server\\node_modules\\.http-parser-js-XY0BxvQM',
148 silly reify   'C:\\Users\\Windows 10\\Desktop\\24-20260611T144137Z-3-001(1)\\server\\node_modules\\https-proxy-agent': 'C:\\Users\\Windows 10\\Desktop\\24-20260611T144137Z-3-001(1)\\server\\node_modules\\.https-proxy-agent-ezxhbGDW',
148 silly reify   'C:\\Users\\Windows 10\\Desktop\\24-20260611T144137Z-3-001(1)\\server\\node_modules\\http-proxy-agent': 'C:\\Users\\Windows 10\\Desktop\\24-20260611T144137Z-3-001(1)\\server\\node_modules\\.http-proxy-agent-VsahpFvg',
148 silly reify   'C:\\Users\\Windows 10\\Desktop\\24-20260611T144137Z-3-001(1)\\server\\node_modules\\iconv-lite': 'C:\\Users\\Windows 10\\Desktop\\24-20260611T144137Z-3-001(1)\\server\\node_modules\\.iconv-lite-EaIudYRi',
148 silly reify   'C:\\Users\\Windows 10\\Desktop\\24-20260611T144137Z-3-001(1)\\server\\node_modules\\ignore-by-default': 'C:\\Users\\Windows 10\\Desktop\\24-20260611T144137Z-3-001(1)\\server\\node_modules\\.ignore-by-default-fIrOFcfl',
148 silly reify   'C:\\Users\\Windows 10\\Desktop\\24-20260611T144137Z-3-001(1)\\server\\node_modules\\is-unsafe': 'C:\\Users\\Windows 10\\Desktop\\24-20260611T144137Z-3-001(1)\\server\\node_modules\\.is-unsafe-X66fTozZ',
148 silly reify   'C:\\Users\\Windows 10\\Desktop\\24-20260611T144137Z-3-001(1)\\server\\node_modules\\is-stream': 'C:\\Users\\Windows 10\\Desktop\\24-20260611T144137Z-3-001(1)\\server\\node_modules\\.is-stream-WP0z0zBx',
148 silly reify   'C:\\Users\\Windows 10\\Desktop\\24-20260611T144137Z-3-001(1)\\server\\node_modules\\jose': 'C:\\Users\\Windows 10\\Desktop\\24-20260611T144137Z-3-001(1)\\server\\node_modules\\.jose-5cnypD8c',
148 silly reify   'C:\\Users\\Windows 10\\Desktop\\24-20260611T144137Z-3-001(1)\\server\\node_modules\\isexe': 'C:\\Users\\Windows 10\\Desktop\\24-20260611T144137Z-3-001(1)\\server\\node_modules\\.isexe-c8EGdauQ',
148 silly reify   'C:\\Users\\Windows 10\\Desktop\\24-20260611T144137Z-3-001(1)\\server\\node_modules\\json-bigint': 'C:\\Users\\Windows 10\\Desktop\\24-20260611T144137Z-3-001(1)\\server\\node_modules\\.json-bigint-ow1b15zn',
148 silly reify   'C:\\Users\\Windows 10\\Desktop\\24-20260611T144137Z-3-001(1)\\server\\node_modules\\jwks-rsa': 'C:\\Users\\Windows 10\\Desktop\\24-20260611T144137Z-3-001(1)\\server\\node_modules\\.jwks-rsa-oPZ1zOy1',
148 silly reify   'C:\\Users\\Windows 10\\Desktop\\24-20260611T144137Z-3-001(1)\\server\\node_modules\\limiter': 'C:\\Users\\Windows 10\\Desktop\\24-20260611T144137Z-3-001(1)\\server\\node_modules\\.limiter-7ttGHBZo',
148 silly reify   'C:\\Users\\Windows 10\\Desktop\\24-20260611T144137Z-3-001(1)\\server\\node_modules\\lodash': 'C:\\Users\\Windows 10\\Desktop\\24-20260611T144137Z-3-001(1)\\server\\node_modules\\.lodash-UCHlPTEn',
148 silly reify   'C:\\Users\\Windows 10\\Desktop\\24-20260611T144137Z-3-001(1)\\server\\node_modules\\lodash.camelcase': 'C:\\Users\\Windows 10\\Desktop\\24-20260611T144137Z-3-001(1)\\server\\node_modules\\.lodash.camelcase-BLVeFWGN',
148 silly reify   'C:\\Users\\Windows 10\\Desktop\\24-20260611T144137Z-3-001(1)\\server\\node_modules\\lodash.clonedeep': 'C:\\Users\\Windows 10\\Desktop\\24-20260611T144137Z-3-001(1)\\server\\node_modules\\.lodash.clonedeep-nMuPonY5',
148 silly reify   'C:\\Users\\Windows 10\\Desktop\\24-20260611T144137Z-3-001(1)\\server\\node_modules\\long': 'C:\\Users\\Windows 10\\Desktop\\24-20260611T144137Z-3-001(1)\\server\\node_modules\\.long-nqeGxufN',
148 silly reify   'C:\\Users\\Windows 10\\Desktop\\24-20260611T144137Z-3-001(1)\\server\\node_modules\\lru-memoizer': 'C:\\Users\\Windows 10\\Desktop\\24-20260611T144137Z-3-001(1)\\server\\node_modules\\.lru-memoizer-pkSS5Uly',
148 silly reify   'C:\\Users\\Windows 10\\Desktop\\24-20260611T144137Z-3-001(1)\\server\\node_modules\\lru-cache': 'C:\\Users\\Windows 10\\Desktop\\24-20260611T144137Z-3-001(1)\\server\\node_modules\\.lru-cache-6W5Xaqev',
148 silly reify   'C:\\Users\\Windows 10\\Desktop\\24-20260611T144137Z-3-001(1)\\server\\node_modules\\merge-descriptors': 'C:\\Users\\Windows 10\\Desktop\\24-20260611T144137Z-3-001(1)\\server\\node_modules\\.merge-descriptors-mg3jnyVm',
148 silly reify   'C:\\Users\\Windows 10\\Desktop\\24-20260611T144137Z-3-001(1)\\server\\node_modules\\media-typer': 'C:\\Users\\Windows 10\\Desktop\\24-20260611T144137Z-3-001(1)\\server\\node_modules\\.media-typer-YFzhz6Qs',
148 silly reify   'C:\\Users\\Windows 10\\Desktop\\24-20260611T144137Z-3-001(1)\\server\\node_modules\\methods': 'C:\\Users\\Windows 10\\Desktop\\24-20260611T144137Z-3-001(1)\\server\\node_modules\\.methods-McSuVGHk',
148 silly reify   'C:\\Users\\Windows 10\\Desktop\\24-20260611T144137Z-3-001(1)\\server\\node_modules\\mime': 'C:\\Users\\Windows 10\\Desktop\\24-20260611T144137Z-3-001(1)\\server\\node_modules\\.mime-5qM7R5Ib',
148 silly reify   'C:\\Users\\Windows 10\\Desktop\\24-20260611T144137Z-3-001(1)\\server\\node_modules\\minipass': 'C:\\Users\\Windows 10\\Desktop\\24-20260611T144137Z-3-001(1)\\server\\node_modules\\.minipass-mQlmtWxX',
148 silly reify   'C:\\Users\\Windows 10\\Desktop\\24-20260611T144137Z-3-001(1)\\server\\node_modules\\minizlib': 'C:\\Users\\Windows 10\\Desktop\\24-20260611T144137Z-3-001(1)\\server\\node_modules\\.minizlib-C8JAKnWZ',
148 silly reify   'C:\\Users\\Windows 10\\Desktop\\24-20260611T144137Z-3-001(1)\\server\\node_modules\\morgan': 'C:\\Users\\Windows 10\\Desktop\\24-20260611T144137Z-3-001(1)\\server\\node_modules\\.morgan-oBukViZl',
148 silly reify   'C:\\Users\\Windows 10\\Desktop\\24-20260611T144137Z-3-001(1)\\server\\node_modules\\ms': 'C:\\Users\\Windows 10\\Desktop\\24-20260611T144137Z-3-001(1)\\server\\node_modules\\.ms-hhXWdqEu',
148 silly reify   'C:\\Users\\Windows 10\\Desktop\\24-20260611T144137Z-3-001(1)\\server\\node_modules\\negotiator': 'C:\\Users\\Windows 10\\Desktop\\24-20260611T144137Z-3-001(1)\\server\\node_modules\\.negotiator-a08b5RS6',
148 silly reify   'C:\\Users\\Windows 10\\Desktop\\24-20260611T144137Z-3-001(1)\\server\\node_modules\\node-addon-api': 'C:\\Users\\Windows 10\\Desktop\\24-20260611T144137Z-3-001(1)\\server\\node_modules\\.node-addon-api-DFpuXIdj',
148 silly reify   'C:\\Users\\Windows 10\\Desktop\\24-20260611T144137Z-3-001(1)\\server\\node_modules\\node-fetch': 'C:\\Users\\Windows 10\\Desktop\\24-20260611T144137Z-3-001(1)\\server\\node_modules\\.node-fetch-xJ5rOJKE',
148 silly reify   'C:\\Users\\Windows 10\\Desktop\\24-20260611T144137Z-3-001(1)\\server\\node_modules\\node-forge': 'C:\\Users\\Windows 10\\Desktop\\24-20260611T144137Z-3-001(1)\\server\\node_modules\\.node-forge-e8mOAM79',
148 silly reify   'C:\\Users\\Windows 10\\Desktop\\24-20260611T144137Z-3-001(1)\\server\\node_modules\\node-gyp': 'C:\\Users\\Windows 10\\Desktop\\24-20260611T144137Z-3-001(1)\\server\\node_modules\\.node-gyp-aeaEl0Vh',
148 silly reify   'C:\\Users\\Windows 10\\Desktop\\24-20260611T144137Z-3-001(1)\\server\\node_modules\\nodemon': 'C:\\Users\\Windows 10\\Desktop\\24-20260611T144137Z-3-001(1)\\server\\node_modules\\.nodemon-EduID2kc',
148 silly reify   'C:\\Users\\Windows 10\\Desktop\\24-20260611T144137Z-3-001(1)\\server\\node_modules\\nopt': 'C:\\Users\\Windows 10\\Desktop\\24-20260611T144137Z-3-001(1)\\server\\node_modules\\.nopt-cmvlTp40',
148 silly reify   'C:\\Users\\Windows 10\\Desktop\\24-20260611T144137Z-3-001(1)\\server\\node_modules\\on-headers': 'C:\\Users\\Windows 10\\Desktop\\24-20260611T144137Z-3-001(1)\\server\\node_modules\\.on-headers-K1svXRIr',
148 silly reify   'C:\\Users\\Windows 10\\Desktop\\24-20260611T144137Z-3-001(1)\\server\\node_modules\\path-to-regexp': 'C:\\Users\\Windows 10\\Desktop\\24-20260611T144137Z-3-001(1)\\server\\node_modules\\.path-to-regexp-oiVnLYNU',
148 silly reify   'C:\\Users\\Windows 10\\Desktop\\24-20260611T144137Z-3-001(1)\\server\\node_modules\\pg': 'C:\\Users\\Windows 10\\Desktop\\24-20260611T144137Z-3-001(1)\\server\\node_modules\\.pg-55zSWBmV',
148 silly reify   'C:\\Users\\Windows 10\\Desktop\\24-20260611T144137Z-3-001(1)\\server\\node_modules\\pg-cloudflare': 'C:\\Users\\Windows 10\\Desktop\\24-20260611T144137Z-3-001(1)\\server\\node_modules\\.pg-cloudflare-8OVqvxUg',
148 silly reify   'C:\\Users\\Windows 10\\Desktop\\24-20260611T144137Z-3-001(1)\\server\\node_modules\\pg-connection-string': 'C:\\Users\\Windows 10\\Desktop\\24-20260611T144137Z-3-001(1)\\server\\node_modules\\.pg-connection-string-A17lqOFU',
148 silly reify   'C:\\Users\\Windows 10\\Desktop\\24-20260611T144137Z-3-001(1)\\server\\node_modules\\pg-pool': 'C:\\Users\\Windows 10\\Desktop\\24-20260611T144137Z-3-001(1)\\server\\node_modules\\.pg-pool-YQbnxIrP',
148 silly reify   'C:\\Users\\Windows 10\\Desktop\\24-20260611T144137Z-3-001(1)\\server\\node_modules\\pg-protocol': 'C:\\Users\\Windows 10\\Desktop\\24-20260611T144137Z-3-001(1)\\server\\node_modules\\.pg-protocol-eetQvSM6',
148 silly reify   'C:\\Users\\Windows 10\\Desktop\\24-20260611T144137Z-3-001(1)\\server\\node_modules\\proc-log': 'C:\\Users\\Windows 10\\Desktop\\24-20260611T144137Z-3-001(1)\\server\\node_modules\\.proc-log-YxGBcyt3',
148 silly reify   'C:\\Users\\Windows 10\\Desktop\\24-20260611T144137Z-3-001(1)\\server\\node_modules\\proto3-json-serializer': 'C:\\Users\\Windows 10\\Desktop\\24-20260611T144137Z-3-001(1)\\server\\node_modules\\.proto3-json-serializer-Q80eNJB6',
148 silly reify   'C:\\Users\\Windows 10\\Desktop\\24-20260611T144137Z-3-001(1)\\server\\node_modules\\protobufjs': 'C:\\Users\\Windows 10\\Desktop\\24-20260611T144137Z-3-001(1)\\server\\node_modules\\.protobufjs-TXfpZ583',
148 silly reify   'C:\\Users\\Windows 10\\Desktop\\24-20260611T144137Z-3-001(1)\\server\\node_modules\\proxy-from-env': 'C:\\Users\\Windows 10\\Desktop\\24-20260611T144137Z-3-001(1)\\server\\node_modules\\.proxy-from-env-tmp5j0o9',
148 silly reify   'C:\\Users\\Windows 10\\Desktop\\24-20260611T144137Z-3-001(1)\\server\\node_modules\\pstree.remy': 'C:\\Users\\Windows 10\\Desktop\\24-20260611T144137Z-3-001(1)\\server\\node_modules\\.pstree.remy-1I2bfZjL',
148 silly reify   'C:\\Users\\Windows 10\\Desktop\\24-20260611T144137Z-3-001(1)\\server\\node_modules\\qs': 'C:\\Users\\Windows 10\\Desktop\\24-20260611T144137Z-3-001(1)\\server\\node_modules\\.qs-Yk1m8Ywh',
148 silly reify   'C:\\Users\\Windows 10\\Desktop\\24-20260611T144137Z-3-001(1)\\server\\node_modules\\raw-body': 'C:\\Users\\Windows 10\\Desktop\\24-20260611T144137Z-3-001(1)\\server\\node_modules\\.raw-body-Wo2zrqDy',
148 silly reify   'C:\\Users\\Windows 10\\Desktop\\24-20260611T144137Z-3-001(1)\\server\\node_modules\\require-directory': 'C:\\Users\\Windows 10\\Desktop\\24-20260611T144137Z-3-001(1)\\server\\node_modules\\.require-directory-EpDDhQfW',
148 silly reify   'C:\\Users\\Windows 10\\Desktop\\24-20260611T144137Z-3-001(1)\\server\\node_modules\\retry': 'C:\\Users\\Windows 10\\Desktop\\24-20260611T144137Z-3-001(1)\\server\\node_modules\\.retry-hBXa5UUg',
148 silly reify   'C:\\Users\\Windows 10\\Desktop\\24-20260611T144137Z-3-001(1)\\server\\node_modules\\retry-request': 'C:\\Users\\Windows 10\\Desktop\\24-20260611T144137Z-3-001(1)\\server\\node_modules\\.retry-request-eONy9RAT',
148 silly reify   'C:\\Users\\Windows 10\\Desktop\\24-20260611T144137Z-3-001(1)\\server\\node_modules\\send': 'C:\\Users\\Windows 10\\Desktop\\24-20260611T144137Z-3-001(1)\\server\\node_modules\\.send-mStzw7VO',
148 silly reify   'C:\\Users\\Windows 10\\Desktop\\24-20260611T144137Z-3-001(1)\\server\\node_modules\\sequelize': 'C:\\Users\\Windows 10\\Desktop\\24-20260611T144137Z-3-001(1)\\server\\node_modules\\.sequelize-CqLT8ZOh',
148 silly reify   'C:\\Users\\Windows 10\\Desktop\\24-20260611T144137Z-3-001(1)\\server\\node_modules\\serve-static': 'C:\\Users\\Windows 10\\Desktop\\24-20260611T144137Z-3-001(1)\\server\\node_modules\\.serve-static-PUdlIxJa',
148 silly reify   'C:\\Users\\Windows 10\\Desktop\\24-20260611T144137Z-3-001(1)\\server\\node_modules\\side-channel': 'C:\\Users\\Windows 10\\Desktop\\24-20260611T144137Z-3-001(1)\\server\\node_modules\\.side-channel-7MzQ7U9p',
148 silly reify   'C:\\Users\\Windows 10\\Desktop\\24-20260611T144137Z-3-001(1)\\server\\node_modules\\simple-update-notifier': 'C:\\Users\\Windows 10\\Desktop\\24-20260611T144137Z-3-001(1)\\server\\node_modules\\.simple-update-notifier-z2IyuzjT',
148 silly reify   'C:\\Users\\Windows 10\\Desktop\\24-20260611T144137Z-3-001(1)\\server\\node_modules\\sqlite3': 'C:\\Users\\Windows 10\\Desktop\\24-20260611T144137Z-3-001(1)\\server\\node_modules\\.sqlite3-EdVHHiQs',
148 silly reify   'C:\\Users\\Windows 10\\Desktop\\24-20260611T144137Z-3-001(1)\\server\\node_modules\\stream-events': 'C:\\Users\\Windows 10\\Desktop\\24-20260611T144137Z-3-001(1)\\server\\node_modules\\.stream-events-Uxd0Bvhu',
148 silly reify   'C:\\Users\\Windows 10\\Desktop\\24-20260611T144137Z-3-001(1)\\server\\node_modules\\stream-shift': 'C:\\Users\\Windows 10\\Desktop\\24-20260611T144137Z-3-001(1)\\server\\node_modules\\.stream-shift-6VbH74LI',
148 silly reify   'C:\\Users\\Windows 10\\Desktop\\24-20260611T144137Z-3-001(1)\\server\\node_modules\\strnum': 'C:\\Users\\Windows 10\\Desktop\\24-20260611T144137Z-3-001(1)\\server\\node_modules\\.strnum-d2HTkokA',
148 silly reify   'C:\\Users\\Windows 10\\Desktop\\24-20260611T144137Z-3-001(1)\\server\\node_modules\\stubs': 'C:\\Users\\Windows 10\\Desktop\\24-20260611T144137Z-3-001(1)\\server\\node_modules\\.stubs-wgzIO0Ua',
148 silly reify   'C:\\Users\\Windows 10\\Desktop\\24-20260611T144137Z-3-001(1)\\server\\node_modules\\tar': 'C:\\Users\\Windows 10\\Desktop\\24-20260611T144137Z-3-001(1)\\server\\node_modules\\.tar-6PXQdjpH',
148 silly reify   'C:\\Users\\Windows 10\\Desktop\\24-20260611T144137Z-3-001(1)\\server\\node_modules\\teeny-request': 'C:\\Users\\Windows 10\\Desktop\\24-20260611T144137Z-3-001(1)\\server\\node_modules\\.teeny-request-Upgstykt',
148 silly reify   'C:\\Users\\Windows 10\\Desktop\\24-20260611T144137Z-3-001(1)\\server\\node_modules\\touch': 'C:\\Users\\Windows 10\\Desktop\\24-20260611T144137Z-3-001(1)\\server\\node_modules\\.touch-kysc3z0K',
148 silly reify   'C:\\Users\\Windows 10\\Desktop\\24-20260611T144137Z-3-001(1)\\server\\node_modules\\type-is': 'C:\\Users\\Windows 10\\Desktop\\24-20260611T144137Z-3-001(1)\\server\\node_modules\\.type-is-Qq9L7xYG',
148 silly reify   'C:\\Users\\Windows 10\\Desktop\\24-20260611T144137Z-3-001(1)\\server\\node_modules\\underscore': 'C:\\Users\\Windows 10\\Desktop\\24-20260611T144137Z-3-001(1)\\server\\node_modules\\.underscore-3NJkOBmT',
148 silly reify   'C:\\Users\\Windows 10\\Desktop\\24-20260611T144137Z-3-001(1)\\server\\node_modules\\undefsafe': 'C:\\Users\\Windows 10\\Desktop\\24-20260611T144137Z-3-001(1)\\server\\node_modules\\.undefsafe-0iRrOkRG',
148 silly reify   'C:\\Users\\Windows 10\\Desktop\\24-20260611T144137Z-3-001(1)\\server\\node_modules\\undici': 'C:\\Users\\Windows 10\\Desktop\\24-20260611T144137Z-3-001(1)\\server\\node_modules\\.undici-hJf9CEhm',
148 silly reify   'C:\\Users\\Windows 10\\Desktop\\24-20260611T144137Z-3-001(1)\\server\\node_modules\\utils-merge': 'C:\\Users\\Windows 10\\Desktop\\24-20260611T144137Z-3-001(1)\\server\\node_modules\\.utils-merge-FDz0k9fr',
148 silly reify   'C:\\Users\\Windows 10\\Desktop\\24-20260611T144137Z-3-001(1)\\server\\node_modules\\uuid': 'C:\\Users\\Windows 10\\Desktop\\24-20260611T144137Z-3-001(1)\\server\\node_modules\\.uuid-jkjiNReQ',
148 silly reify   'C:\\Users\\Windows 10\\Desktop\\24-20260611T144137Z-3-001(1)\\server\\node_modules\\validator': 'C:\\Users\\Windows 10\\Desktop\\24-20260611T144137Z-3-001(1)\\server\\node_modules\\.validator-Mqed1For',
148 silly reify   'C:\\Users\\Windows 10\\Desktop\\24-20260611T144137Z-3-001(1)\\server\\node_modules\\websocket-driver': 'C:\\Users\\Windows 10\\Desktop\\24-20260611T144137Z-3-001(1)\\server\\node_modules\\.websocket-driver-nmDyNmS2',
148 silly reify   'C:\\Users\\Windows 10\\Desktop\\24-20260611T144137Z-3-001(1)\\server\\node_modules\\which': 'C:\\Users\\Windows 10\\Desktop\\24-20260611T144137Z-3-001(1)\\server\\node_modules\\.which-0UiYT2ph',
148 silly reify   'C:\\Users\\Windows 10\\Desktop\\24-20260611T144137Z-3-001(1)\\server\\node_modules\\websocket-extensions': 'C:\\Users\\Windows 10\\Desktop\\24-20260611T144137Z-3-001(1)\\server\\node_modules\\.websocket-extensions-POA41WSr',
148 silly reify   'C:\\Users\\Windows 10\\Desktop\\24-20260611T144137Z-3-001(1)\\server\\node_modules\\xml-naming': 'C:\\Users\\Windows 10\\Desktop\\24-20260611T144137Z-3-001(1)\\server\\node_modules\\.xml-naming-4s3fyqnx',
148 silly reify   'C:\\Users\\Windows 10\\Desktop\\24-20260611T144137Z-3-001(1)\\server\\node_modules\\y18n': 'C:\\Users\\Windows 10\\Desktop\\24-20260611T144137Z-3-001(1)\\server\\node_modules\\.y18n-ht0EzNzS',
148 silly reify   'C:\\Users\\Windows 10\\Desktop\\24-20260611T144137Z-3-001(1)\\server\\node_modules\\yargs': 'C:\\Users\\Windows 10\\Desktop\\24-20260611T144137Z-3-001(1)\\server\\node_modules\\.yargs-OJ2PHkxd',
148 silly reify   'C:\\Users\\Windows 10\\Desktop\\24-20260611T144137Z-3-001(1)\\server\\node_modules\\yallist': 'C:\\Users\\Windows 10\\Desktop\\24-20260611T144137Z-3-001(1)\\server\\node_modules\\.yallist-tNN6RFqn',
148 silly reify   'C:\\Users\\Windows 10\\Desktop\\24-20260611T144137Z-3-001(1)\\server\\node_modules\\yargs-parser': 'C:\\Users\\Windows 10\\Desktop\\24-20260611T144137Z-3-001(1)\\server\\node_modules\\.yargs-parser-Gw7T28Gx',
148 silly reify   'C:\\Users\\Windows 10\\Desktop\\24-20260611T144137Z-3-001(1)\\server\\node_modules\\@fastify\\busboy': 'C:\\Users\\Windows 10\\Desktop\\24-20260611T144137Z-3-001(1)\\server\\node_modules\\@fastify\\.busboy-6XfqiV6I',
148 silly reify   'C:\\Users\\Windows 10\\Desktop\\24-20260611T144137Z-3-001(1)\\server\\node_modules\\@firebase\\app-check-interop-types': 'C:\\Users\\Windows 10\\Desktop\\24-20260611T144137Z-3-001(1)\\server\\node_modules\\@firebase\\.app-check-interop-types-Yo58Fzs2',
148 silly reify   'C:\\Users\\Windows 10\\Desktop\\24-20260611T144137Z-3-001(1)\\server\\node_modules\\@firebase\\app-types': 'C:\\Users\\Windows 10\\Desktop\\24-20260611T144137Z-3-001(1)\\server\\node_modules\\@firebase\\.app-types-p0Ru2VhW',
148 silly reify   'C:\\Users\\Windows 10\\Desktop\\24-20260611T144137Z-3-001(1)\\server\\node_modules\\@firebase\\auth-interop-types': 'C:\\Users\\Windows 10\\Desktop\\24-20260611T144137Z-3-001(1)\\server\\node_modules\\@firebase\\.auth-interop-types-DP3KGWHy',
148 silly reify   'C:\\Users\\Windows 10\\Desktop\\24-20260611T144137Z-3-001(1)\\server\\node_modules\\@firebase\\component': 'C:\\Users\\Windows 10\\Desktop\\24-20260611T144137Z-3-001(1)\\server\\node_modules\\@firebase\\.component-OX4rJwDY',
148 silly reify   'C:\\Users\\Windows 10\\Desktop\\24-20260611T144137Z-3-001(1)\\server\\node_modules\\@firebase\\database': 'C:\\Users\\Windows 10\\Desktop\\24-20260611T144137Z-3-001(1)\\server\\node_modules\\@firebase\\.database-yNkiP5i6',
148 silly reify   'C:\\Users\\Windows 10\\Desktop\\24-20260611T144137Z-3-001(1)\\server\\node_modules\\@firebase\\database-compat': 'C:\\Users\\Windows 10\\Desktop\\24-20260611T144137Z-3-001(1)\\server\\node_modules\\@firebase\\.database-compat-DIXZVDxY',
148 silly reify   'C:\\Users\\Windows 10\\Desktop\\24-20260611T144137Z-3-001(1)\\server\\node_modules\\@firebase\\database-types': 'C:\\Users\\Windows 10\\Desktop\\24-20260611T144137Z-3-001(1)\\server\\node_modules\\@firebase\\.database-types-c3A1faNJ',
148 silly reify   'C:\\Users\\Windows 10\\Desktop\\24-20260611T144137Z-3-001(1)\\server\\node_modules\\@firebase\\logger': 'C:\\Users\\Windows 10\\Desktop\\24-20260611T144137Z-3-001(1)\\server\\node_modules\\@firebase\\.logger-zmUI5I94',
148 silly reify   'C:\\Users\\Windows 10\\Desktop\\24-20260611T144137Z-3-001(1)\\server\\node_modules\\@firebase\\util': 'C:\\Users\\Windows 10\\Desktop\\24-20260611T144137Z-3-001(1)\\server\\node_modules\\@firebase\\.util-gGcbrdlG',
148 silly reify   'C:\\Users\\Windows 10\\Desktop\\24-20260611T144137Z-3-001(1)\\server\\node_modules\\@google-cloud\\firestore': 'C:\\Users\\Windows 10\\Desktop\\24-20260611T144137Z-3-001(1)\\server\\node_modules\\@google-cloud\\.firestore-FLCL93Zo',
148 silly reify   'C:\\Users\\Windows 10\\Desktop\\24-20260611T144137Z-3-001(1)\\server\\node_modules\\@google-cloud\\paginator': 'C:\\Users\\Windows 10\\Desktop\\24-20260611T144137Z-3-001(1)\\server\\node_modules\\@google-cloud\\.paginator-uTdGMKon',
148 silly reify   'C:\\Users\\Windows 10\\Desktop\\24-20260611T144137Z-3-001(1)\\server\\node_modules\\@google-cloud\\promisify': 'C:\\Users\\Windows 10\\Desktop\\24-20260611T144137Z-3-001(1)\\server\\node_modules\\@google-cloud\\.promisify-0Au85h9W',
148 silly reify   'C:\\Users\\Windows 10\\Desktop\\24-20260611T144137Z-3-001(1)\\server\\node_modules\\@google-cloud\\projectify': 'C:\\Users\\Windows 10\\Desktop\\24-20260611T144137Z-3-001(1)\\server\\node_modules\\@google-cloud\\.projectify-NTTC61Ny',
148 silly reify   'C:\\Users\\Windows 10\\Desktop\\24-20260611T144137Z-3-001(1)\\server\\node_modules\\@google-cloud\\storage': 'C:\\Users\\Windows 10\\Desktop\\24-20260611T144137Z-3-001(1)\\server\\node_modules\\@google-cloud\\.storage-K3XPxPBZ',
148 silly reify   'C:\\Users\\Windows 10\\Desktop\\24-20260611T144137Z-3-001(1)\\server\\node_modules\\@grpc\\grpc-js': 'C:\\Users\\Windows 10\\Desktop\\24-20260611T144137Z-3-001(1)\\server\\node_modules\\@grpc\\.grpc-js-7JHCpNej',
148 silly reify   'C:\\Users\\Windows 10\\Desktop\\24-20260611T144137Z-3-001(1)\\server\\node_modules\\@grpc\\proto-loader': 'C:\\Users\\Windows 10\\Desktop\\24-20260611T144137Z-3-001(1)\\server\\node_modules\\@grpc\\.proto-loader-4rWy1ABM',
148 silly reify   'C:\\Users\\Windows 10\\Desktop\\24-20260611T144137Z-3-001(1)\\server\\node_modules\\@isaacs\\fs-minipass': 'C:\\Users\\Windows 10\\Desktop\\24-20260611T144137Z-3-001(1)\\server\\node_modules\\@isaacs\\.fs-minipass-stWyRjaZ',
148 silly reify   'C:\\Users\\Windows 10\\Desktop\\24-20260611T144137Z-3-001(1)\\server\\node_modules\\@js-sdsl\\ordered-map': 'C:\\Users\\Windows 10\\Desktop\\24-20260611T144137Z-3-001(1)\\server\\node_modules\\@js-sdsl\\.ordered-map-NWUscoKl',
148 silly reify   'C:\\Users\\Windows 10\\Desktop\\24-20260611T144137Z-3-001(1)\\server\\node_modules\\@nodable\\entities': 'C:\\Users\\Windows 10\\Desktop\\24-20260611T144137Z-3-001(1)\\server\\node_modules\\@nodable\\.entities-FsLJemKd',
148 silly reify   'C:\\Users\\Windows 10\\Desktop\\24-20260611T144137Z-3-001(1)\\server\\node_modules\\@opentelemetry\\api': 'C:\\Users\\Windows 10\\Desktop\\24-20260611T144137Z-3-001(1)\\server\\node_modules\\@opentelemetry\\.api-tztfnUu0',
148 silly reify   'C:\\Users\\Windows 10\\Desktop\\24-20260611T144137Z-3-001(1)\\server\\node_modules\\@protobufjs\\aspromise': 'C:\\Users\\Windows 10\\Desktop\\24-20260611T144137Z-3-001(1)\\server\\node_modules\\@protobufjs\\.aspromise-xYymDCKr',
148 silly reify   'C:\\Users\\Windows 10\\Desktop\\24-20260611T144137Z-3-001(1)\\server\\node_modules\\@protobufjs\\base64': 'C:\\Users\\Windows 10\\Desktop\\24-20260611T144137Z-3-001(1)\\server\\node_modules\\@protobufjs\\.base64-AbqgHqVP',
148 silly reify   'C:\\Users\\Windows 10\\Desktop\\24-20260611T144137Z-3-001(1)\\server\\node_modules\\@protobufjs\\eventemitter': 'C:\\Users\\Windows 10\\Desktop\\24-20260611T144137Z-3-001(1)\\server\\node_modules\\@protobufjs\\.eventemitter-szxCp3Na',
148 silly reify   'C:\\Users\\Windows 10\\Desktop\\24-20260611T144137Z-3-001(1)\\server\\node_modules\\@protobufjs\\codegen': 'C:\\Users\\Windows 10\\Desktop\\24-20260611T144137Z-3-001(1)\\server\\node_modules\\@protobufjs\\.codegen-fZvvB4xS',
148 silly reify   'C:\\Users\\Windows 10\\Desktop\\24-20260611T144137Z-3-001(1)\\server\\node_modules\\@protobufjs\\fetch': 'C:\\Users\\Windows 10\\Desktop\\24-20260611T144137Z-3-001(1)\\server\\node_modules\\@protobufjs\\.fetch-QugOIp94',
148 silly reify   'C:\\Users\\Windows 10\\Desktop\\24-20260611T144137Z-3-001(1)\\server\\node_modules\\@protobufjs\\float': 'C:\\Users\\Windows 10\\Desktop\\24-20260611T144137Z-3-001(1)\\server\\node_modules\\@protobufjs\\.float-luwL0XW4',
148 silly reify   'C:\\Users\\Windows 10\\Desktop\\24-20260611T144137Z-3-001(1)\\server\\node_modules\\@protobufjs\\path': 'C:\\Users\\Windows 10\\Desktop\\24-20260611T144137Z-3-001(1)\\server\\node_modules\\@protobufjs\\.path-daVQr8d2',
148 silly reify   'C:\\Users\\Windows 10\\Desktop\\24-20260611T144137Z-3-001(1)\\server\\node_modules\\@protobufjs\\pool': 'C:\\Users\\Windows 10\\Desktop\\24-20260611T144137Z-3-001(1)\\server\\node_modules\\@protobufjs\\.pool-X3Qv7O7k',
148 silly reify   'C:\\Users\\Windows 10\\Desktop\\24-20260611T144137Z-3-001(1)\\server\\node_modules\\@protobufjs\\utf8': 'C:\\Users\\Windows 10\\Desktop\\24-20260611T144137Z-3-001(1)\\server\\node_modules\\@protobufjs\\.utf8-JSCl4Wd7',
148 silly reify   'C:\\Users\\Windows 10\\Desktop\\24-20260611T144137Z-3-001(1)\\server\\node_modules\\@tootallnate\\once': 'C:\\Users\\Windows 10\\Desktop\\24-20260611T144137Z-3-001(1)\\server\\node_modules\\@tootallnate\\.once-Og0jrZpp',
148 silly reify   'C:\\Users\\Windows 10\\Desktop\\24-20260611T144137Z-3-001(1)\\server\\node_modules\\@types\\caseless': 'C:\\Users\\Windows 10\\Desktop\\24-20260611T144137Z-3-001(1)\\server\\node_modules\\@types\\.caseless-UCO7BEMl',
148 silly reify   'C:\\Users\\Windows 10\\Desktop\\24-20260611T144137Z-3-001(1)\\server\\node_modules\\@types\\long': 'C:\\Users\\Windows 10\\Desktop\\24-20260611T144137Z-3-001(1)\\server\\node_modules\\@types\\.long-l3ju9TUc',
148 silly reify   'C:\\Users\\Windows 10\\Desktop\\24-20260611T144137Z-3-001(1)\\server\\node_modules\\@types\\node': 'C:\\Users\\Windows 10\\Desktop\\24-20260611T144137Z-3-001(1)\\server\\node_modules\\@types\\.node-W7CpapuK',
148 silly reify   'C:\\Users\\Windows 10\\Desktop\\24-20260611T144137Z-3-001(1)\\server\\node_modules\\@types\\request': 'C:\\Users\\Windows 10\\Desktop\\24-20260611T144137Z-3-001(1)\\server\\node_modules\\@types\\.request-hUBvkZR8',
148 silly reify   'C:\\Users\\Windows 10\\Desktop\\24-20260611T144137Z-3-001(1)\\server\\node_modules\\@types\\tough-cookie': 'C:\\Users\\Windows 10\\Desktop\\24-20260611T144137Z-3-001(1)\\server\\node_modules\\@types\\.tough-cookie-uPirvh1Y'
148 silly reify }
149 http fetch GET 200 https://registry.npmjs.org/npm 828ms
150 silly audit bulk request {
150 silly audit   '@fastify/busboy': [ '3.2.0' ],
150 silly audit   '@firebase/app-check-interop-types': [ '0.3.2' ],
150 silly audit   '@firebase/app-types': [ '0.9.2' ],
150 silly audit   '@firebase/auth-interop-types': [ '0.2.3' ],
150 silly audit   '@firebase/component': [ '0.6.9' ],
150 silly audit   '@firebase/database': [ '1.0.8' ],
150 silly audit   '@firebase/database-compat': [ '1.0.8' ],
150 silly audit   '@firebase/database-types': [ '1.0.5' ],
150 silly audit   '@firebase/logger': [ '0.4.2' ],
150 silly audit   '@firebase/util': [ '1.10.0' ],
150 silly audit   '@google-cloud/firestore': [ '7.11.6' ],
150 silly audit   '@google-cloud/paginator': [ '5.0.2' ],
150 silly audit   '@google-cloud/projectify': [ '4.0.0' ],
150 silly audit   '@google-cloud/promisify': [ '4.0.0' ],
150 silly audit   '@google-cloud/storage': [ '7.21.0' ],
150 silly audit   '@grpc/grpc-js': [ '1.14.4' ],
150 silly audit   '@grpc/proto-loader': [ '0.8.1', '0.7.15' ],
150 silly audit   '@isaacs/fs-minipass': [ '4.0.1' ],
150 silly audit   '@js-sdsl/ordered-map': [ '4.4.2' ],
150 silly audit   '@nodable/entities': [ '2.2.0' ],
150 silly audit   '@opentelemetry/api': [ '1.9.1' ],
150 silly audit   '@protobufjs/aspromise': [ '1.1.2' ],
150 silly audit   '@protobufjs/base64': [ '1.1.2' ],
150 silly audit   '@protobufjs/codegen': [ '2.0.5' ],
150 silly audit   '@protobufjs/eventemitter': [ '1.1.1' ],
150 silly audit   '@protobufjs/fetch': [ '1.1.1' ],
150 silly audit   '@protobufjs/float': [ '1.0.2' ],
150 silly audit   '@protobufjs/path': [ '1.1.2' ],
150 silly audit   '@protobufjs/pool': [ '1.1.0' ],
150 silly audit   '@protobufjs/utf8': [ '1.1.1' ],
150 silly audit   '@tootallnate/once': [ '2.0.1' ],
150 silly audit   '@types/caseless': [ '0.12.5' ],
150 silly audit   '@types/debug': [ '4.1.13' ],
150 silly audit   '@types/jsonwebtoken': [ '9.0.10' ],
150 silly audit   '@types/long': [ '4.0.2' ],
150 silly audit   '@types/ms': [ '2.1.0' ],
150 silly audit   '@types/node': [ '22.19.21' ],
150 silly audit   '@types/request': [ '2.48.13' ],
150 silly audit   'form-data': [ '2.5.6', '4.0.6' ],
150 silly audit   '@types/tough-cookie': [ '4.0.5' ],
150 silly audit   '@types/validator': [ '13.15.10' ],
150 silly audit   abbrev: [ '4.0.0' ],
150 silly audit   'abort-controller': [ '3.0.0' ],
150 silly audit   accepts: [ '1.3.8' ],
150 silly audit   'agent-base': [ '6.0.2', '7.1.4' ],
150 silly audit   debug: [ '4.4.3', '2.6.9' ],
150 silly audit   ms: [ '2.1.3', '2.0.0' ],
150 silly audit   'ansi-regex': [ '5.0.1' ],
150 silly audit   'ansi-styles': [ '4.3.0' ],
150 silly audit   anymatch: [ '3.1.3' ],
150 silly audit   anynum: [ '1.0.0' ],
150 silly audit   'array-flatten': [ '1.1.1' ],
150 silly audit   arrify: [ '2.0.1' ],
150 silly audit   'async-retry': [ '1.3.3' ],
150 silly audit   asynckit: [ '0.4.0' ],
150 silly audit   axios: [ '1.18.0' ],
150 silly audit   'balanced-match': [ '4.0.4' ],
150 silly audit   'base64-js': [ '1.5.1' ],
150 silly audit   'basic-auth': [ '2.0.1' ],
150 silly audit   'safe-buffer': [ '5.1.2', '5.2.1' ],
150 silly audit   'bignumber.js': [ '9.3.1' ],
150 silly audit   'binary-extensions': [ '2.3.0' ],
150 silly audit   bindings: [ '1.5.0' ],
150 silly audit   bl: [ '4.1.0' ],
150 silly audit   'body-parser': [ '1.20.5' ],
150 silly audit   'brace-expansion': [ '5.0.6' ],
150 silly audit   braces: [ '3.0.3' ],
150 silly audit   buffer: [ '5.7.1' ],
150 silly audit   'buffer-equal-constant-time': [ '1.0.1' ],
150 silly audit   bytes: [ '3.1.2' ],
150 silly audit   'call-bind-apply-helpers': [ '1.0.2' ],
150 silly audit   'call-bound': [ '1.0.4' ],
150 silly audit   chokidar: [ '3.6.0' ],
150 silly audit   chownr: [ '3.0.0', '1.1.4' ],
150 silly audit   cliui: [ '8.0.1' ],
150 silly audit   'color-convert': [ '2.0.1' ],
150 silly audit   'color-name': [ '1.1.4' ],
150 silly audit   'combined-stream': [ '1.0.8' ],
150 silly audit   'content-disposition': [ '0.5.4' ],
150 silly audit   'content-type': [ '1.0.5' ],
150 silly audit   cookie: [ '0.7.2' ],
150 silly audit   'cookie-signature': [ '1.0.7' ],
150 silly audit   cors: [ '2.8.6' ],
150 silly audit   'decompress-response': [ '6.0.0' ],
150 silly audit   'deep-extend': [ '0.6.0' ],
150 silly audit   'delayed-stream': [ '1.0.0' ],
150 silly audit   depd: [ '2.0.0' ],
150 silly audit   destroy: [ '1.2.0' ],
150 silly audit   'detect-libc': [ '2.1.2' ],
150 silly audit   dotenv: [ '16.6.1' ],
150 silly audit   dottie: [ '2.0.7' ],
150 silly audit   'dunder-proto': [ '1.0.1' ],
150 silly audit   duplexify: [ '4.1.3' ],
150 silly audit   'ecdsa-sig-formatter': [ '1.0.11' ],
150 silly audit   'ee-first': [ '1.1.1' ],
150 silly audit   'emoji-regex': [ '8.0.0' ],
150 silly audit   encodeurl: [ '2.0.0' ],
150 silly audit   'end-of-stream': [ '1.4.5' ],
150 silly audit   'env-paths': [ '2.2.1' ],
150 silly audit   'es-define-property': [ '1.0.1' ],
150 silly audit   'es-errors': [ '1.3.0' ],
150 silly audit   'es-object-atoms': [ '1.1.2' ],
150 silly audit   'es-set-tostringtag': [ '2.1.0' ],
150 silly audit   escalade: [ '3.2.0' ],
150 silly audit   'escape-html': [ '1.0.3' ],
150 silly audit   etag: [ '1.8.1' ],
150 silly audit   'event-target-shim': [ '5.0.1' ],
150 silly audit   'expand-template': [ '2.0.3' ],
150 silly audit   'exponential-backoff': [ '3.1.3' ],
150 silly audit   express: [ '4.22.2' ],
150 silly audit   extend: [ '3.0.2' ],
150 silly audit   'farmhash-modern': [ '1.1.0' ],
150 silly audit   'fast-deep-equal': [ '3.1.3' ],
150 silly audit   'fast-xml-builder': [ '1.2.0' ],
150 silly audit   'fast-xml-parser': [ '5.9.2' ],
150 silly audit   'faye-websocket': [ '0.11.4' ],
150 silly audit   'file-uri-to-path': [ '1.0.0' ],
150 silly audit   'fill-range': [ '7.1.1' ],
150 silly audit   finalhandler: [ '1.3.2' ],
150 silly audit   'firebase-admin': [ '12.7.0' ],
150 silly audit   'follow-redirects': [ '1.16.0' ],
150 silly audit   forwarded: [ '0.2.0' ],
150 silly audit   fresh: [ '0.5.2' ],
150 silly audit   'fs-constants': [ '1.0.0' ],
150 silly audit   fsevents: [ '2.3.3' ],
150 silly audit   'function-bind': [ '1.1.2' ],
150 silly audit   'functional-red-black-tree': [ '1.0.1' ],
150 silly audit   gaxios: [ '6.7.1' ],
150 silly audit   'https-proxy-agent': [ '7.0.6', '5.0.1' ],
150 silly audit   uuid: [ '9.0.1', '8.3.2', '10.0.0' ],
150 silly audit   'gcp-metadata': [ '6.1.1' ],
150 silly audit   'get-caller-file': [ '2.0.5' ],
150 silly audit   'get-intrinsic': [ '1.3.0' ],
150 silly audit   'get-proto': [ '1.0.1' ],
150 silly audit   'github-from-package': [ '0.0.0' ],
150 silly audit   'glob-parent': [ '5.1.2' ],
150 silly audit   'google-auth-library': [ '9.15.1' ],
150 silly audit   'google-gax': [ '4.6.1' ],
150 silly audit   'google-logging-utils': [ '0.0.2' ],
150 silly audit   gopd: [ '1.2.0' ],
150 silly audit   'graceful-fs': [ '4.2.11' ],
150 silly audit   gtoken: [ '7.1.0' ],
150 silly audit   'has-flag': [ '3.0.0' ],
150 silly audit   'has-symbols': [ '1.1.0' ],
150 silly audit   'has-tostringtag': [ '1.0.2' ],
150 silly audit   hasown: [ '2.0.4' ],
150 silly audit   'html-entities': [ '2.6.0' ],
150 silly audit   'http-errors': [ '2.0.1' ],
150 silly audit   'http-parser-js': [ '0.5.10' ],
150 silly audit   'http-proxy-agent': [ '5.0.0' ],
150 silly audit   'iconv-lite': [ '0.4.24' ],
150 silly audit   ieee754: [ '1.2.1' ],
150 silly audit   'ignore-by-default': [ '1.0.1' ],
150 silly audit   inflection: [ '1.13.4' ],
150 silly audit   inherits: [ '2.0.4' ],
150 silly audit   ini: [ '1.3.8' ],
150 silly audit   'ipaddr.js': [ '1.9.1' ],
150 silly audit   'is-binary-path': [ '2.1.0' ],
150 silly audit   'is-extglob': [ '2.1.1' ],
150 silly audit   'is-fullwidth-code-point': [ '3.0.0' ],
150 silly audit   'is-glob': [ '4.0.3' ],
150 silly audit   'is-number': [ '7.0.0' ],
150 silly audit   'is-stream': [ '2.0.1' ],
150 silly audit   'is-unsafe': [ '1.0.1' ],
150 silly audit   isexe: [ '4.0.0' ],
150 silly audit   jose: [ '4.15.9' ],
150 silly audit   'json-bigint': [ '1.0.0' ],
150 silly audit   jsonwebtoken: [ '9.0.3' ],
150 silly audit   jwa: [ '2.0.1' ],
150 silly audit   'jwks-rsa': [ '3.2.2' ],
150 silly audit   jws: [ '4.0.1' ],
150 silly audit   limiter: [ '1.1.5' ],
150 silly audit   lodash: [ '4.18.1' ],
150 silly audit   'lodash.camelcase': [ '4.3.0' ],
150 silly audit   'lodash.clonedeep': [ '4.5.0' ],
150 silly audit   'lodash.includes': [ '4.3.0' ],
150 silly audit   'lodash.isboolean': [ '3.0.3' ],
150 silly audit   'lodash.isinteger': [ '4.0.4' ],
150 silly audit   'lodash.isnumber': [ '3.0.3' ],
150 silly audit   'lodash.isplainobject': [ '4.0.6' ],
150 silly audit   'lodash.isstring': [ '4.0.1' ],
150 silly audit   'lodash.once': [ '4.1.1' ],
150 silly audit   long: [ '5.3.2' ],
150 silly audit   'lru-cache': [ '6.0.0' ],
150 silly audit   'lru-memoizer': [ '2.3.0' ],
150 silly audit   'math-intrinsics': [ '1.1.0' ],
150 silly audit   'media-typer': [ '0.3.0' ],
150 silly audit   'merge-descriptors': [ '1.0.3' ],
150 silly audit   methods: [ '1.1.2' ],
150 silly audit   mime: [ '3.0.0', '1.6.0' ],
150 silly audit   'mime-db': [ '1.52.0' ],
150 silly audit   'mime-types': [ '2.1.35' ],
150 silly audit   'mimic-response': [ '3.1.0' ],
150 silly audit   minimatch: [ '10.2.5' ],
150 silly audit   minimist: [ '1.2.8' ],
150 silly audit   minipass: [ '7.1.3' ],
150 silly audit   minizlib: [ '3.1.0' ],
150 silly audit   'mkdirp-classic': [ '0.5.3' ],
150 silly audit   moment: [ '2.30.1' ],
150 silly audit   'moment-timezone': [ '0.5.48' ],
150 silly audit   morgan: [ '1.11.0' ],
150 silly audit   'napi-build-utils': [ '2.0.0' ],
150 silly audit   negotiator: [ '0.6.3' ],
150 silly audit   'node-abi': [ '3.92.0' ],
150 silly audit   'node-addon-api': [ '8.8.0' ],
150 silly audit   'node-fetch': [ '2.7.0' ],
150 silly audit   'node-forge': [ '1.4.0' ],
150 silly audit   'node-gyp': [ '12.4.0' ],
150 silly audit   nodemon: [ '3.1.14' ],
150 silly audit   nopt: [ '9.0.0' ],
150 silly audit   'normalize-path': [ '3.0.0' ],
150 silly audit   'object-assign': [ '4.1.1' ],
150 silly audit   'object-hash': [ '3.0.0' ],
150 silly audit   'object-inspect': [ '1.13.4' ],
150 silly audit   'on-finished': [ '2.4.1' ],
150 silly audit   'on-headers': [ '1.1.0' ],
150 silly audit   once: [ '1.4.0' ],
150 silly audit   'p-limit': [ '3.1.0' ],
150 silly audit   parseurl: [ '1.3.3' ],
150 silly audit   'path-expression-matcher': [ '1.5.0' ],
150 silly audit   'path-to-regexp': [ '0.1.13' ],
150 silly audit   pg: [ '8.21.0' ],
150 silly audit   'pg-cloudflare': [ '1.4.0' ],
150 silly audit   'pg-connection-string': [ '2.13.0' ],
150 silly audit   'pg-hstore': [ '2.3.4' ],
150 silly audit   'pg-int8': [ '1.0.1' ],
150 silly audit   'pg-pool': [ '3.14.0' ],
150 silly audit   'pg-protocol': [ '1.14.0' ],
150 silly audit   'pg-types': [ '2.2.0' ],
150 silly audit   pgpass: [ '1.0.5' ],
150 silly audit   picomatch: [ '2.3.2', '4.0.4' ],
150 silly audit   'postgres-array': [ '2.0.0' ],
150 silly audit   'postgres-bytea': [ '1.0.1' ],
150 silly audit   'postgres-date': [ '1.0.7' ],
150 silly audit   'postgres-interval': [ '1.2.0' ],
150 silly audit   'prebuild-install': [ '7.1.3' ],
150 silly audit   'proc-log': [ '6.1.0' ],
150 silly audit   'proto3-json-serializer': [ '2.0.2' ],
150 silly audit   protobufjs: [ '7.6.4' ],
150 silly audit   'proxy-addr': [ '2.0.7' ],
150 silly audit   'proxy-from-env': [ '2.1.0' ],
150 silly audit   'pstree.remy': [ '1.1.8' ],
150 silly audit   pump: [ '3.0.4' ],
150 silly audit   qs: [ '6.15.2' ],
150 silly audit   'range-parser': [ '1.2.1' ],
150 silly audit   'raw-body': [ '2.5.3' ],
150 silly audit   rc: [ '1.2.8' ],
150 silly audit   'readable-stream': [ '3.6.2' ],
150 silly audit   readdirp: [ '3.6.0' ],
150 silly audit   'require-directory': [ '2.1.1' ],
150 silly audit   retry: [ '0.13.1' ],
150 silly audit   'retry-as-promised': [ '7.1.1' ],
150 silly audit   'retry-request': [ '7.0.2' ],
150 silly audit   'safer-buffer': [ '2.1.2' ],
150 silly audit   semver: [ '7.8.4' ],
150 silly audit   send: [ '0.19.2' ],
150 silly audit   sequelize: [ '6.37.8' ],
150 silly audit   'sequelize-pool': [ '7.1.0' ],
150 silly audit   'serve-static': [ '1.16.3' ],
150 silly audit   setprototypeof: [ '1.2.0' ],
150 silly audit   'side-channel': [ '1.1.1' ],
150 silly audit   'side-channel-list': [ '1.0.1' ],
150 silly audit   'side-channel-map': [ '1.0.1' ],
150 silly audit   'side-channel-weakmap': [ '1.0.2' ],
150 silly audit   'simple-concat': [ '1.0.1' ],
150 silly audit   'simple-get': [ '4.0.1' ],
150 silly audit   'simple-update-notifier': [ '2.0.0' ],
150 silly audit   split2: [ '4.2.0' ],
150 silly audit   sqlite3: [ '6.0.1' ],
150 silly audit   statuses: [ '2.0.2' ],
150 silly audit   'stream-events': [ '1.0.5' ],
150 silly audit   'stream-shift': [ '1.0.3' ],
150 silly audit   string_decoder: [ '1.3.0' ],
150 silly audit   'string-width': [ '4.2.3' ],
150 silly audit   'strip-ansi': [ '6.0.1' ],
150 silly audit   'strip-json-comments': [ '2.0.1' ],
150 silly audit   strnum: [ '2.4.0' ],
150 silly audit   stubs: [ '3.0.0' ],
150 silly audit   'supports-color': [ '5.5.0' ],
150 silly audit   tar: [ '7.5.16' ],
150 silly audit   'tar-fs': [ '2.1.4' ],
150 silly audit   'tar-stream': [ '2.2.0' ],
150 silly audit   yallist: [ '5.0.0', '4.0.0' ],
150 silly audit   'teeny-request': [ '9.0.0' ],
150 silly audit   tinyglobby: [ '0.2.17' ],
150 silly audit   fdir: [ '6.5.0' ],
150 silly audit   'to-regex-range': [ '5.0.1' ],
150 silly audit   toidentifier: [ '1.0.1' ],
150 silly audit   'toposort-class': [ '1.0.1' ],
150 silly audit   touch: [ '3.1.1' ],
150 silly audit   tr46: [ '0.0.3' ],
150 silly audit   tslib: [ '2.8.1' ],
150 silly audit   'tunnel-agent': [ '0.6.0' ],
150 silly audit   'type-is': [ '1.6.18' ],
150 silly audit   undefsafe: [ '2.0.5' ],
150 silly audit   underscore: [ '1.13.8' ],
150 silly audit   undici: [ '6.27.0' ],
150 silly audit   'undici-types': [ '6.21.0' ],
150 silly audit   unpipe: [ '1.0.0' ],
150 silly audit   'util-deprecate': [ '1.0.2' ],
150 silly audit   'utils-merge': [ '1.0.1' ],
150 silly audit   validator: [ '13.15.35' ],
150 silly audit   vary: [ '1.1.2' ],
150 silly audit   'webidl-conversions': [ '3.0.1' ],
150 silly audit   'websocket-driver': [ '0.7.5' ],
150 silly audit   'websocket-extensions': [ '0.1.4' ],
150 silly audit   'whatwg-url': [ '5.0.0' ],
150 silly audit   which: [ '6.0.1' ],
150 silly audit   wkx: [ '0.5.0' ],
150 silly audit   'wrap-ansi': [ '7.0.0' ],
150 silly audit   wrappy: [ '1.0.2' ],
150 silly audit   'xml-naming': [ '0.1.0' ],
150 silly audit   xtend: [ '4.0.2' ],
150 silly audit   y18n: [ '5.0.8' ],
150 silly audit   yargs: [ '17.7.2' ],
150 silly audit   'yargs-parser': [ '21.1.1' ],
150 silly audit   'yocto-queue': [ '0.1.0' ]
150 silly audit }
151 http cache @types/tough-cookie@https://registry.npmjs.org/@types/tough-cookie/-/tough-cookie-4.0.5.tgz 0ms (cache hit)
152 http cache @types/request@https://registry.npmjs.org/@types/request/-/request-2.48.13.tgz 0ms (cache hit)
153 http cache @types/long@https://registry.npmjs.org/@types/long/-/long-4.0.2.tgz 0ms (cache hit)
154 http cache @types/node@https://registry.npmjs.org/@types/node/-/node-22.19.21.tgz 0ms (cache hit)
155 http cache @tootallnate/once@https://registry.npmjs.org/@tootallnate/once/-/once-2.0.1.tgz 0ms (cache hit)
156 http cache @types/caseless@https://registry.npmjs.org/@types/caseless/-/caseless-0.12.5.tgz 0ms (cache hit)
157 http cache @protobufjs/path@https://registry.npmjs.org/@protobufjs/path/-/path-1.1.2.tgz 0ms (cache hit)
158 http cache @protobufjs/utf8@https://registry.npmjs.org/@protobufjs/utf8/-/utf8-1.1.1.tgz 0ms (cache hit)
159 http cache @protobufjs/pool@https://registry.npmjs.org/@protobufjs/pool/-/pool-1.1.0.tgz 0ms (cache hit)
160 http cache @protobufjs/float@https://registry.npmjs.org/@protobufjs/float/-/float-1.0.2.tgz 0ms (cache hit)
161 http cache @protobufjs/fetch@https://registry.npmjs.org/@protobufjs/fetch/-/fetch-1.1.1.tgz 0ms (cache hit)
162 http cache @protobufjs/codegen@https://registry.npmjs.org/@protobufjs/codegen/-/codegen-2.0.5.tgz 0ms (cache hit)
163 http cache @protobufjs/aspromise@https://registry.npmjs.org/@protobufjs/aspromise/-/aspromise-1.1.2.tgz 0ms (cache hit)
164 http cache @protobufjs/eventemitter@https://registry.npmjs.org/@protobufjs/eventemitter/-/eventemitter-1.1.1.tgz 0ms (cache hit)
165 http cache @protobufjs/base64@https://registry.npmjs.org/@protobufjs/base64/-/base64-1.1.2.tgz 0ms (cache hit)
166 http cache @opentelemetry/api@https://registry.npmjs.org/@opentelemetry/api/-/api-1.9.1.tgz 0ms (cache hit)
167 http cache @js-sdsl/ordered-map@https://registry.npmjs.org/@js-sdsl/ordered-map/-/ordered-map-4.4.2.tgz 0ms (cache hit)
168 http cache @nodable/entities@https://registry.npmjs.org/@nodable/entities/-/entities-2.2.0.tgz 0ms (cache hit)
169 http cache @isaacs/fs-minipass@https://registry.npmjs.org/@isaacs/fs-minipass/-/fs-minipass-4.0.1.tgz 0ms (cache hit)
170 http cache @grpc/grpc-js@https://registry.npmjs.org/@grpc/grpc-js/-/grpc-js-1.14.4.tgz 0ms (cache hit)
171 http cache @grpc/proto-loader@https://registry.npmjs.org/@grpc/proto-loader/-/proto-loader-0.7.15.tgz 0ms (cache hit)
172 http cache @google-cloud/storage@https://registry.npmjs.org/@google-cloud/storage/-/storage-7.21.0.tgz 0ms (cache hit)
173 http cache @google-cloud/promisify@https://registry.npmjs.org/@google-cloud/promisify/-/promisify-4.0.0.tgz 0ms (cache hit)
174 http cache @google-cloud/firestore@https://registry.npmjs.org/@google-cloud/firestore/-/firestore-7.11.6.tgz 0ms (cache hit)
175 http cache @google-cloud/projectify@https://registry.npmjs.org/@google-cloud/projectify/-/projectify-4.0.0.tgz 0ms (cache hit)
176 http cache @google-cloud/paginator@https://registry.npmjs.org/@google-cloud/paginator/-/paginator-5.0.2.tgz 0ms (cache hit)
177 http cache @firebase/util@https://registry.npmjs.org/@firebase/util/-/util-1.10.0.tgz 0ms (cache hit)
178 http cache @firebase/logger@https://registry.npmjs.org/@firebase/logger/-/logger-0.4.2.tgz 0ms (cache hit)
179 http cache @firebase/database-types@https://registry.npmjs.org/@firebase/database-types/-/database-types-1.0.5.tgz 0ms (cache hit)
180 http cache @firebase/database@https://registry.npmjs.org/@firebase/database/-/database-1.0.8.tgz 0ms (cache hit)
181 http cache @firebase/auth-interop-types@https://registry.npmjs.org/@firebase/auth-interop-types/-/auth-interop-types-0.2.3.tgz 0ms (cache hit)
182 http cache @firebase/component@https://registry.npmjs.org/@firebase/component/-/component-0.6.9.tgz 0ms (cache hit)
183 http cache @firebase/database-compat@https://registry.npmjs.org/@firebase/database-compat/-/database-compat-1.0.8.tgz 0ms (cache hit)
184 http cache @firebase/app-check-interop-types@https://registry.npmjs.org/@firebase/app-check-interop-types/-/app-check-interop-types-0.3.2.tgz 0ms (cache hit)
185 http cache @firebase/app-types@https://registry.npmjs.org/@firebase/app-types/-/app-types-0.9.2.tgz 0ms (cache hit)
186 http cache yargs@https://registry.npmjs.org/yargs/-/yargs-17.7.2.tgz 0ms (cache hit)
187 http cache yallist@https://registry.npmjs.org/yallist/-/yallist-4.0.0.tgz 0ms (cache hit)
188 http cache @fastify/busboy@https://registry.npmjs.org/@fastify/busboy/-/busboy-3.2.0.tgz 0ms (cache hit)
189 http cache yargs-parser@https://registry.npmjs.org/yargs-parser/-/yargs-parser-21.1.1.tgz 0ms (cache hit)
190 http cache y18n@https://registry.npmjs.org/y18n/-/y18n-5.0.8.tgz 0ms (cache hit)
191 http cache xml-naming@https://registry.npmjs.org/xml-naming/-/xml-naming-0.1.0.tgz 0ms (cache hit)
192 http cache websocket-driver@https://registry.npmjs.org/websocket-driver/-/websocket-driver-0.7.5.tgz 0ms (cache hit)
193 http cache websocket-extensions@https://registry.npmjs.org/websocket-extensions/-/websocket-extensions-0.1.4.tgz 0ms (cache hit)
194 http cache which@https://registry.npmjs.org/which/-/which-6.0.1.tgz 0ms (cache hit)
195 http cache validator@https://registry.npmjs.org/validator/-/validator-13.15.35.tgz 0ms (cache hit)
196 http cache uuid@https://registry.npmjs.org/uuid/-/uuid-10.0.0.tgz 0ms (cache hit)
197 http cache undefsafe@https://registry.npmjs.org/undefsafe/-/undefsafe-2.0.5.tgz 0ms (cache hit)
198 http cache utils-merge@https://registry.npmjs.org/utils-merge/-/utils-merge-1.0.1.tgz 0ms (cache hit)
199 http cache undici@https://registry.npmjs.org/undici/-/undici-6.27.0.tgz 0ms (cache hit)
200 http cache underscore@https://registry.npmjs.org/underscore/-/underscore-1.13.8.tgz 0ms (cache hit)
201 http cache type-is@https://registry.npmjs.org/type-is/-/type-is-1.6.18.tgz 1ms (cache hit)
202 http cache tar@https://registry.npmjs.org/tar/-/tar-7.5.16.tgz 0ms (cache hit)
203 http cache touch@https://registry.npmjs.org/touch/-/touch-3.1.1.tgz 0ms (cache hit)
204 http cache teeny-request@https://registry.npmjs.org/teeny-request/-/teeny-request-9.0.0.tgz 0ms (cache hit)
205 http cache stubs@https://registry.npmjs.org/stubs/-/stubs-3.0.0.tgz 0ms (cache hit)
206 http cache strnum@https://registry.npmjs.org/strnum/-/strnum-2.4.0.tgz 0ms (cache hit)
207 http cache sqlite3@https://registry.npmjs.org/sqlite3/-/sqlite3-6.0.1.tgz 0ms (cache hit)
208 http cache stream-shift@https://registry.npmjs.org/stream-shift/-/stream-shift-1.0.3.tgz 0ms (cache hit)
209 http cache simple-update-notifier@https://registry.npmjs.org/simple-update-notifier/-/simple-update-notifier-2.0.0.tgz 0ms (cache hit)
210 http cache stream-events@https://registry.npmjs.org/stream-events/-/stream-events-1.0.5.tgz 0ms (cache hit)
211 http cache side-channel@https://registry.npmjs.org/side-channel/-/side-channel-1.1.1.tgz 0ms (cache hit)
212 http cache sequelize@https://registry.npmjs.org/sequelize/-/sequelize-6.37.8.tgz 0ms (cache hit)
213 http cache serve-static@https://registry.npmjs.org/serve-static/-/serve-static-1.16.3.tgz 0ms (cache hit)
214 http cache send@https://registry.npmjs.org/send/-/send-0.19.2.tgz 0ms (cache hit)
215 http cache retry-request@https://registry.npmjs.org/retry-request/-/retry-request-7.0.2.tgz 0ms (cache hit)
216 http cache retry@https://registry.npmjs.org/retry/-/retry-0.13.1.tgz 0ms (cache hit)
217 http cache qs@https://registry.npmjs.org/qs/-/qs-6.15.2.tgz 0ms (cache hit)
218 http cache require-directory@https://registry.npmjs.org/require-directory/-/require-directory-2.1.1.tgz 0ms (cache hit)
219 http cache raw-body@https://registry.npmjs.org/raw-body/-/raw-body-2.5.3.tgz 0ms (cache hit)
220 http cache pstree.remy@https://registry.npmjs.org/pstree.remy/-/pstree.remy-1.1.8.tgz 0ms (cache hit)
221 http cache proxy-from-env@https://registry.npmjs.org/proxy-from-env/-/proxy-from-env-2.1.0.tgz 0ms (cache hit)
222 http cache protobufjs@https://registry.npmjs.org/protobufjs/-/protobufjs-7.6.4.tgz 0ms (cache hit)
223 http cache proto3-json-serializer@https://registry.npmjs.org/proto3-json-serializer/-/proto3-json-serializer-2.0.2.tgz 0ms (cache hit)
224 http cache proc-log@https://registry.npmjs.org/proc-log/-/proc-log-6.1.0.tgz 1ms (cache hit)
225 http cache pg-protocol@https://registry.npmjs.org/pg-protocol/-/pg-protocol-1.14.0.tgz 0ms (cache hit)
226 http cache pg-pool@https://registry.npmjs.org/pg-pool/-/pg-pool-3.14.0.tgz 0ms (cache hit)
227 http cache pg-connection-string@https://registry.npmjs.org/pg-connection-string/-/pg-connection-string-2.13.0.tgz 0ms (cache hit)
228 http cache pg@https://registry.npmjs.org/pg/-/pg-8.21.0.tgz 0ms (cache hit)
229 http cache pg-cloudflare@https://registry.npmjs.org/pg-cloudflare/-/pg-cloudflare-1.4.0.tgz 0ms (cache hit)
230 http cache on-headers@https://registry.npmjs.org/on-headers/-/on-headers-1.1.0.tgz 0ms (cache hit)
231 http cache nodemon@https://registry.npmjs.org/nodemon/-/nodemon-3.1.14.tgz 0ms (cache hit)
232 http cache path-to-regexp@https://registry.npmjs.org/path-to-regexp/-/path-to-regexp-0.1.13.tgz 0ms (cache hit)
233 http cache node-gyp@https://registry.npmjs.org/node-gyp/-/node-gyp-12.4.0.tgz 0ms (cache hit)
234 http cache node-forge@https://registry.npmjs.org/node-forge/-/node-forge-1.4.0.tgz 0ms (cache hit)
235 http cache nopt@https://registry.npmjs.org/nopt/-/nopt-9.0.0.tgz 0ms (cache hit)
236 http cache node-fetch@https://registry.npmjs.org/node-fetch/-/node-fetch-2.7.0.tgz 0ms (cache hit)
237 http cache node-addon-api@https://registry.npmjs.org/node-addon-api/-/node-addon-api-8.8.0.tgz 0ms (cache hit)
238 http cache negotiator@https://registry.npmjs.org/negotiator/-/negotiator-0.6.3.tgz 0ms (cache hit)
239 http cache ms@https://registry.npmjs.org/ms/-/ms-2.0.0.tgz 0ms (cache hit)
240 http cache minizlib@https://registry.npmjs.org/minizlib/-/minizlib-3.1.0.tgz 0ms (cache hit)
241 http cache minipass@https://registry.npmjs.org/minipass/-/minipass-7.1.3.tgz 0ms (cache hit)
242 http cache morgan@https://registry.npmjs.org/morgan/-/morgan-1.11.0.tgz 0ms (cache hit)
243 http cache methods@https://registry.npmjs.org/methods/-/methods-1.1.2.tgz 0ms (cache hit)
244 http cache media-typer@https://registry.npmjs.org/media-typer/-/media-typer-0.3.0.tgz 0ms (cache hit)
245 http cache mime@https://registry.npmjs.org/mime/-/mime-3.0.0.tgz 0ms (cache hit)
246 http cache merge-descriptors@https://registry.npmjs.org/merge-descriptors/-/merge-descriptors-1.0.3.tgz 0ms (cache hit)
247 http cache lru-cache@https://registry.npmjs.org/lru-cache/-/lru-cache-6.0.0.tgz 0ms (cache hit)
248 http cache long@https://registry.npmjs.org/long/-/long-5.3.2.tgz 0ms (cache hit)
249 http cache lru-memoizer@https://registry.npmjs.org/lru-memoizer/-/lru-memoizer-2.3.0.tgz 0ms (cache hit)
250 http cache lodash.camelcase@https://registry.npmjs.org/lodash.camelcase/-/lodash.camelcase-4.3.0.tgz 0ms (cache hit)
251 http cache lodash@https://registry.npmjs.org/lodash/-/lodash-4.18.1.tgz 0ms (cache hit)
252 http cache lodash.clonedeep@https://registry.npmjs.org/lodash.clonedeep/-/lodash.clonedeep-4.5.0.tgz 0ms (cache hit)
253 http cache jwks-rsa@https://registry.npmjs.org/jwks-rsa/-/jwks-rsa-3.2.2.tgz 0ms (cache hit)
254 http cache json-bigint@https://registry.npmjs.org/json-bigint/-/json-bigint-1.0.0.tgz 0ms (cache hit)
255 http cache limiter@https://registry.npmjs.org/limiter/-/limiter-1.1.5.tgz 0ms (cache hit)
256 http cache isexe@https://registry.npmjs.org/isexe/-/isexe-4.0.0.tgz 0ms (cache hit)
257 http cache jose@https://registry.npmjs.org/jose/-/jose-4.15.9.tgz 0ms (cache hit)
258 http cache is-stream@https://registry.npmjs.org/is-stream/-/is-stream-2.0.1.tgz 0ms (cache hit)
259 http cache is-unsafe@https://registry.npmjs.org/is-unsafe/-/is-unsafe-1.0.1.tgz 0ms (cache hit)
260 http cache iconv-lite@https://registry.npmjs.org/iconv-lite/-/iconv-lite-0.4.24.tgz 0ms (cache hit)
261 http cache ignore-by-default@https://registry.npmjs.org/ignore-by-default/-/ignore-by-default-1.0.1.tgz 0ms (cache hit)
262 http cache http-proxy-agent@https://registry.npmjs.org/http-proxy-agent/-/http-proxy-agent-5.0.0.tgz 0ms (cache hit)
263 http cache html-entities@https://registry.npmjs.org/html-entities/-/html-entities-2.6.0.tgz 0ms (cache hit)
264 http cache gtoken@https://registry.npmjs.org/gtoken/-/gtoken-7.1.0.tgz 0ms (cache hit)
265 http cache https-proxy-agent@https://registry.npmjs.org/https-proxy-agent/-/https-proxy-agent-5.0.1.tgz 0ms (cache hit)
266 http cache http-parser-js@https://registry.npmjs.org/http-parser-js/-/http-parser-js-0.5.10.tgz 0ms (cache hit)
267 http cache google-gax@https://registry.npmjs.org/google-gax/-/google-gax-4.6.1.tgz 0ms (cache hit)
268 http cache google-logging-utils@https://registry.npmjs.org/google-logging-utils/-/google-logging-utils-0.0.2.tgz 0ms (cache hit)
269 http cache google-auth-library@https://registry.npmjs.org/google-auth-library/-/google-auth-library-9.15.1.tgz 0ms (cache hit)
270 http cache gcp-metadata@https://registry.npmjs.org/gcp-metadata/-/gcp-metadata-6.1.1.tgz 0ms (cache hit)
271 http cache get-caller-file@https://registry.npmjs.org/get-caller-file/-/get-caller-file-2.0.5.tgz 0ms (cache hit)
272 http cache gaxios@https://registry.npmjs.org/gaxios/-/gaxios-6.7.1.tgz 0ms (cache hit)
273 http cache fresh@https://registry.npmjs.org/fresh/-/fresh-0.5.2.tgz 0ms (cache hit)
274 http cache functional-red-black-tree@https://registry.npmjs.org/functional-red-black-tree/-/functional-red-black-tree-1.0.1.tgz 0ms (cache hit)
275 http cache form-data@https://registry.npmjs.org/form-data/-/form-data-4.0.6.tgz 0ms (cache hit)
276 http cache follow-redirects@https://registry.npmjs.org/follow-redirects/-/follow-redirects-1.16.0.tgz 0ms (cache hit)
277 http cache firebase-admin@https://registry.npmjs.org/firebase-admin/-/firebase-admin-12.7.0.tgz 0ms (cache hit)
278 http cache finalhandler@https://registry.npmjs.org/finalhandler/-/finalhandler-1.3.2.tgz 0ms (cache hit)
279 http cache fast-xml-parser@https://registry.npmjs.org/fast-xml-parser/-/fast-xml-parser-5.9.2.tgz 0ms (cache hit)
280 http cache faye-websocket@https://registry.npmjs.org/faye-websocket/-/faye-websocket-0.11.4.tgz 0ms (cache hit)
281 http cache express@https://registry.npmjs.org/express/-/express-4.22.2.tgz 0ms (cache hit)
282 http cache farmhash-modern@https://registry.npmjs.org/farmhash-modern/-/farmhash-modern-1.1.0.tgz 0ms (cache hit)
283 http cache exponential-backoff@https://registry.npmjs.org/exponential-backoff/-/exponential-backoff-3.1.3.tgz 0ms (cache hit)
284 http cache form-data@https://registry.npmjs.org/form-data/-/form-data-2.5.6.tgz 0ms (cache hit)
285 http cache @grpc/proto-loader@https://registry.npmjs.org/@grpc/proto-loader/-/proto-loader-0.8.1.tgz 0ms (cache hit)
286 http cache uuid@https://registry.npmjs.org/uuid/-/uuid-9.0.1.tgz 0ms (cache hit)
287 http cache yallist@https://registry.npmjs.org/yallist/-/yallist-5.0.0.tgz 0ms (cache hit)
288 http cache uuid@https://registry.npmjs.org/uuid/-/uuid-8.3.2.tgz 0ms (cache hit)
289 http cache uuid@https://registry.npmjs.org/uuid/-/uuid-9.0.1.tgz 0ms (cache hit)
290 silly tarball no local data for @types/tough-cookie@https://registry.npmjs.org/@types/tough-cookie/-/tough-cookie-4.0.5.tgz. Extracting by manifest.
291 http cache mime@https://registry.npmjs.org/mime/-/mime-1.6.0.tgz 0ms (cache hit)
292 http cache uuid@https://registry.npmjs.org/uuid/-/uuid-9.0.1.tgz 0ms (cache hit)
293 silly tarball no local data for @types/request@https://registry.npmjs.org/@types/request/-/request-2.48.13.tgz. Extracting by manifest.
294 silly tarball no local data for @types/long@https://registry.npmjs.org/@types/long/-/long-4.0.2.tgz. Extracting by manifest.
295 silly tarball no local data for @types/node@https://registry.npmjs.org/@types/node/-/node-22.19.21.tgz. Extracting by manifest.
296 silly tarball no local data for @tootallnate/once@https://registry.npmjs.org/@tootallnate/once/-/once-2.0.1.tgz. Extracting by manifest.
297 silly tarball no local data for @types/caseless@https://registry.npmjs.org/@types/caseless/-/caseless-0.12.5.tgz. Extracting by manifest.
298 silly tarball no local data for @protobufjs/path@https://registry.npmjs.org/@protobufjs/path/-/path-1.1.2.tgz. Extracting by manifest.
299 silly tarball no local data for @protobufjs/utf8@https://registry.npmjs.org/@protobufjs/utf8/-/utf8-1.1.1.tgz. Extracting by manifest.
300 silly tarball no local data for @protobufjs/pool@https://registry.npmjs.org/@protobufjs/pool/-/pool-1.1.0.tgz. Extracting by manifest.
301 silly tarball no local data for @protobufjs/float@https://registry.npmjs.org/@protobufjs/float/-/float-1.0.2.tgz. Extracting by manifest.
302 silly tarball no local data for @protobufjs/fetch@https://registry.npmjs.org/@protobufjs/fetch/-/fetch-1.1.1.tgz. Extracting by manifest.
303 silly tarball no local data for @protobufjs/codegen@https://registry.npmjs.org/@protobufjs/codegen/-/codegen-2.0.5.tgz. Extracting by manifest.
304 silly tarball no local data for @protobufjs/aspromise@https://registry.npmjs.org/@protobufjs/aspromise/-/aspromise-1.1.2.tgz. Extracting by manifest.
305 silly tarball no local data for @protobufjs/eventemitter@https://registry.npmjs.org/@protobufjs/eventemitter/-/eventemitter-1.1.1.tgz. Extracting by manifest.
306 silly tarball no local data for @protobufjs/base64@https://registry.npmjs.org/@protobufjs/base64/-/base64-1.1.2.tgz. Extracting by manifest.
307 silly tarball no local data for @opentelemetry/api@https://registry.npmjs.org/@opentelemetry/api/-/api-1.9.1.tgz. Extracting by manifest.
308 silly tarball no local data for @js-sdsl/ordered-map@https://registry.npmjs.org/@js-sdsl/ordered-map/-/ordered-map-4.4.2.tgz. Extracting by manifest.
309 silly tarball no local data for @nodable/entities@https://registry.npmjs.org/@nodable/entities/-/entities-2.2.0.tgz. Extracting by manifest.
310 silly tarball no local data for @isaacs/fs-minipass@https://registry.npmjs.org/@isaacs/fs-minipass/-/fs-minipass-4.0.1.tgz. Extracting by manifest.
311 silly tarball no local data for @grpc/grpc-js@https://registry.npmjs.org/@grpc/grpc-js/-/grpc-js-1.14.4.tgz. Extracting by manifest.
312 silly tarball no local data for @grpc/proto-loader@https://registry.npmjs.org/@grpc/proto-loader/-/proto-loader-0.7.15.tgz. Extracting by manifest.
313 silly tarball no local data for @google-cloud/storage@https://registry.npmjs.org/@google-cloud/storage/-/storage-7.21.0.tgz. Extracting by manifest.
314 silly tarball no local data for @google-cloud/promisify@https://registry.npmjs.org/@google-cloud/promisify/-/promisify-4.0.0.tgz. Extracting by manifest.
315 silly tarball no local data for @google-cloud/firestore@https://registry.npmjs.org/@google-cloud/firestore/-/firestore-7.11.6.tgz. Extracting by manifest.
316 silly tarball no local data for @google-cloud/projectify@https://registry.npmjs.org/@google-cloud/projectify/-/projectify-4.0.0.tgz. Extracting by manifest.
317 silly tarball no local data for @google-cloud/paginator@https://registry.npmjs.org/@google-cloud/paginator/-/paginator-5.0.2.tgz. Extracting by manifest.
318 silly tarball no local data for @firebase/util@https://registry.npmjs.org/@firebase/util/-/util-1.10.0.tgz. Extracting by manifest.
319 silly tarball no local data for @firebase/logger@https://registry.npmjs.org/@firebase/logger/-/logger-0.4.2.tgz. Extracting by manifest.
320 silly tarball no local data for @firebase/database-types@https://registry.npmjs.org/@firebase/database-types/-/database-types-1.0.5.tgz. Extracting by manifest.
321 silly tarball no local data for @firebase/database@https://registry.npmjs.org/@firebase/database/-/database-1.0.8.tgz. Extracting by manifest.
322 silly tarball no local data for @firebase/auth-interop-types@https://registry.npmjs.org/@firebase/auth-interop-types/-/auth-interop-types-0.2.3.tgz. Extracting by manifest.
323 silly tarball no local data for @firebase/component@https://registry.npmjs.org/@firebase/component/-/component-0.6.9.tgz. Extracting by manifest.
324 silly tarball no local data for @firebase/database-compat@https://registry.npmjs.org/@firebase/database-compat/-/database-compat-1.0.8.tgz. Extracting by manifest.
325 silly tarball no local data for @firebase/app-check-interop-types@https://registry.npmjs.org/@firebase/app-check-interop-types/-/app-check-interop-types-0.3.2.tgz. Extracting by manifest.
326 silly tarball no local data for @firebase/app-types@https://registry.npmjs.org/@firebase/app-types/-/app-types-0.9.2.tgz. Extracting by manifest.
327 silly tarball no local data for yargs@https://registry.npmjs.org/yargs/-/yargs-17.7.2.tgz. Extracting by manifest.
328 silly tarball no local data for yallist@https://registry.npmjs.org/yallist/-/yallist-4.0.0.tgz. Extracting by manifest.
329 silly tarball no local data for @fastify/busboy@https://registry.npmjs.org/@fastify/busboy/-/busboy-3.2.0.tgz. Extracting by manifest.
330 silly tarball no local data for yargs-parser@https://registry.npmjs.org/yargs-parser/-/yargs-parser-21.1.1.tgz. Extracting by manifest.
331 silly tarball no local data for y18n@https://registry.npmjs.org/y18n/-/y18n-5.0.8.tgz. Extracting by manifest.
332 silly tarball no local data for xml-naming@https://registry.npmjs.org/xml-naming/-/xml-naming-0.1.0.tgz. Extracting by manifest.
333 silly tarball no local data for websocket-driver@https://registry.npmjs.org/websocket-driver/-/websocket-driver-0.7.5.tgz. Extracting by manifest.
334 silly tarball no local data for websocket-extensions@https://registry.npmjs.org/websocket-extensions/-/websocket-extensions-0.1.4.tgz. Extracting by manifest.
335 silly tarball no local data for which@https://registry.npmjs.org/which/-/which-6.0.1.tgz. Extracting by manifest.
336 silly tarball no local data for validator@https://registry.npmjs.org/validator/-/validator-13.15.35.tgz. Extracting by manifest.
337 silly tarball no local data for uuid@https://registry.npmjs.org/uuid/-/uuid-10.0.0.tgz. Extracting by manifest.
338 silly tarball no local data for undefsafe@https://registry.npmjs.org/undefsafe/-/undefsafe-2.0.5.tgz. Extracting by manifest.
339 silly tarball no local data for utils-merge@https://registry.npmjs.org/utils-merge/-/utils-merge-1.0.1.tgz. Extracting by manifest.
340 silly tarball no local data for undici@https://registry.npmjs.org/undici/-/undici-6.27.0.tgz. Extracting by manifest.
341 silly tarball no local data for underscore@https://registry.npmjs.org/underscore/-/underscore-1.13.8.tgz. Extracting by manifest.
342 silly tarball no local data for type-is@https://registry.npmjs.org/type-is/-/type-is-1.6.18.tgz. Extracting by manifest.
343 silly tarball no local data for tar@https://registry.npmjs.org/tar/-/tar-7.5.16.tgz. Extracting by manifest.
344 silly tarball no local data for touch@https://registry.npmjs.org/touch/-/touch-3.1.1.tgz. Extracting by manifest.
345 silly tarball no local data for teeny-request@https://registry.npmjs.org/teeny-request/-/teeny-request-9.0.0.tgz. Extracting by manifest.
346 silly tarball no local data for stubs@https://registry.npmjs.org/stubs/-/stubs-3.0.0.tgz. Extracting by manifest.
347 silly tarball no local data for strnum@https://registry.npmjs.org/strnum/-/strnum-2.4.0.tgz. Extracting by manifest.
348 silly tarball no local data for sqlite3@https://registry.npmjs.org/sqlite3/-/sqlite3-6.0.1.tgz. Extracting by manifest.
349 silly tarball no local data for stream-shift@https://registry.npmjs.org/stream-shift/-/stream-shift-1.0.3.tgz. Extracting by manifest.
350 silly tarball no local data for simple-update-notifier@https://registry.npmjs.org/simple-update-notifier/-/simple-update-notifier-2.0.0.tgz. Extracting by manifest.
351 silly tarball no local data for stream-events@https://registry.npmjs.org/stream-events/-/stream-events-1.0.5.tgz. Extracting by manifest.
352 silly tarball no local data for side-channel@https://registry.npmjs.org/side-channel/-/side-channel-1.1.1.tgz. Extracting by manifest.
353 silly tarball no local data for sequelize@https://registry.npmjs.org/sequelize/-/sequelize-6.37.8.tgz. Extracting by manifest.
354 silly tarball no local data for serve-static@https://registry.npmjs.org/serve-static/-/serve-static-1.16.3.tgz. Extracting by manifest.
355 silly tarball no local data for send@https://registry.npmjs.org/send/-/send-0.19.2.tgz. Extracting by manifest.
356 silly tarball no local data for retry-request@https://registry.npmjs.org/retry-request/-/retry-request-7.0.2.tgz. Extracting by manifest.
357 silly tarball no local data for retry@https://registry.npmjs.org/retry/-/retry-0.13.1.tgz. Extracting by manifest.
358 silly tarball no local data for qs@https://registry.npmjs.org/qs/-/qs-6.15.2.tgz. Extracting by manifest.
359 silly tarball no local data for require-directory@https://registry.npmjs.org/require-directory/-/require-directory-2.1.1.tgz. Extracting by manifest.
360 silly tarball no local data for raw-body@https://registry.npmjs.org/raw-body/-/raw-body-2.5.3.tgz. Extracting by manifest.
361 silly tarball no local data for pstree.remy@https://registry.npmjs.org/pstree.remy/-/pstree.remy-1.1.8.tgz. Extracting by manifest.
362 silly tarball no local data for proxy-from-env@https://registry.npmjs.org/proxy-from-env/-/proxy-from-env-2.1.0.tgz. Extracting by manifest.
363 silly tarball no local data for protobufjs@https://registry.npmjs.org/protobufjs/-/protobufjs-7.6.4.tgz. Extracting by manifest.
364 silly tarball no local data for proto3-json-serializer@https://registry.npmjs.org/proto3-json-serializer/-/proto3-json-serializer-2.0.2.tgz. Extracting by manifest.
365 silly tarball no local data for proc-log@https://registry.npmjs.org/proc-log/-/proc-log-6.1.0.tgz. Extracting by manifest.
366 silly tarball no local data for pg-protocol@https://registry.npmjs.org/pg-protocol/-/pg-protocol-1.14.0.tgz. Extracting by manifest.
367 silly tarball no local data for pg-pool@https://registry.npmjs.org/pg-pool/-/pg-pool-3.14.0.tgz. Extracting by manifest.
368 silly tarball no local data for pg-connection-string@https://registry.npmjs.org/pg-connection-string/-/pg-connection-string-2.13.0.tgz. Extracting by manifest.
369 silly tarball no local data for pg@https://registry.npmjs.org/pg/-/pg-8.21.0.tgz. Extracting by manifest.
370 silly tarball no local data for pg-cloudflare@https://registry.npmjs.org/pg-cloudflare/-/pg-cloudflare-1.4.0.tgz. Extracting by manifest.
371 silly tarball no local data for on-headers@https://registry.npmjs.org/on-headers/-/on-headers-1.1.0.tgz. Extracting by manifest.
372 silly tarball no local data for nodemon@https://registry.npmjs.org/nodemon/-/nodemon-3.1.14.tgz. Extracting by manifest.
373 silly tarball no local data for path-to-regexp@https://registry.npmjs.org/path-to-regexp/-/path-to-regexp-0.1.13.tgz. Extracting by manifest.
374 silly tarball no local data for node-gyp@https://registry.npmjs.org/node-gyp/-/node-gyp-12.4.0.tgz. Extracting by manifest.
375 silly tarball no local data for node-forge@https://registry.npmjs.org/node-forge/-/node-forge-1.4.0.tgz. Extracting by manifest.
376 silly tarball no local data for nopt@https://registry.npmjs.org/nopt/-/nopt-9.0.0.tgz. Extracting by manifest.
377 silly tarball no local data for node-fetch@https://registry.npmjs.org/node-fetch/-/node-fetch-2.7.0.tgz. Extracting by manifest.
378 silly tarball no local data for node-addon-api@https://registry.npmjs.org/node-addon-api/-/node-addon-api-8.8.0.tgz. Extracting by manifest.
379 silly tarball no local data for negotiator@https://registry.npmjs.org/negotiator/-/negotiator-0.6.3.tgz. Extracting by manifest.
380 silly tarball no local data for ms@https://registry.npmjs.org/ms/-/ms-2.0.0.tgz. Extracting by manifest.
381 silly tarball no local data for minizlib@https://registry.npmjs.org/minizlib/-/minizlib-3.1.0.tgz. Extracting by manifest.
382 silly tarball no local data for minipass@https://registry.npmjs.org/minipass/-/minipass-7.1.3.tgz. Extracting by manifest.
383 silly tarball no local data for morgan@https://registry.npmjs.org/morgan/-/morgan-1.11.0.tgz. Extracting by manifest.
384 silly tarball no local data for methods@https://registry.npmjs.org/methods/-/methods-1.1.2.tgz. Extracting by manifest.
385 silly tarball no local data for media-typer@https://registry.npmjs.org/media-typer/-/media-typer-0.3.0.tgz. Extracting by manifest.
386 silly tarball no local data for mime@https://registry.npmjs.org/mime/-/mime-3.0.0.tgz. Extracting by manifest.
387 silly tarball no local data for merge-descriptors@https://registry.npmjs.org/merge-descriptors/-/merge-descriptors-1.0.3.tgz. Extracting by manifest.
388 silly tarball no local data for lru-cache@https://registry.npmjs.org/lru-cache/-/lru-cache-6.0.0.tgz. Extracting by manifest.
389 silly tarball no local data for long@https://registry.npmjs.org/long/-/long-5.3.2.tgz. Extracting by manifest.
390 silly tarball no local data for lru-memoizer@https://registry.npmjs.org/lru-memoizer/-/lru-memoizer-2.3.0.tgz. Extracting by manifest.
391 silly tarball no local data for lodash.camelcase@https://registry.npmjs.org/lodash.camelcase/-/lodash.camelcase-4.3.0.tgz. Extracting by manifest.
392 silly tarball no local data for lodash@https://registry.npmjs.org/lodash/-/lodash-4.18.1.tgz. Extracting by manifest.
393 silly tarball no local data for lodash.clonedeep@https://registry.npmjs.org/lodash.clonedeep/-/lodash.clonedeep-4.5.0.tgz. Extracting by manifest.
394 silly tarball no local data for jwks-rsa@https://registry.npmjs.org/jwks-rsa/-/jwks-rsa-3.2.2.tgz. Extracting by manifest.
395 silly tarball no local data for json-bigint@https://registry.npmjs.org/json-bigint/-/json-bigint-1.0.0.tgz. Extracting by manifest.
396 silly tarball no local data for limiter@https://registry.npmjs.org/limiter/-/limiter-1.1.5.tgz. Extracting by manifest.
397 silly tarball no local data for isexe@https://registry.npmjs.org/isexe/-/isexe-4.0.0.tgz. Extracting by manifest.
398 silly tarball no local data for jose@https://registry.npmjs.org/jose/-/jose-4.15.9.tgz. Extracting by manifest.
399 silly tarball no local data for is-stream@https://registry.npmjs.org/is-stream/-/is-stream-2.0.1.tgz. Extracting by manifest.
400 silly tarball no local data for is-unsafe@https://registry.npmjs.org/is-unsafe/-/is-unsafe-1.0.1.tgz. Extracting by manifest.
401 silly tarball no local data for iconv-lite@https://registry.npmjs.org/iconv-lite/-/iconv-lite-0.4.24.tgz. Extracting by manifest.
402 silly tarball no local data for ignore-by-default@https://registry.npmjs.org/ignore-by-default/-/ignore-by-default-1.0.1.tgz. Extracting by manifest.
403 silly tarball no local data for http-proxy-agent@https://registry.npmjs.org/http-proxy-agent/-/http-proxy-agent-5.0.0.tgz. Extracting by manifest.
404 silly tarball no local data for html-entities@https://registry.npmjs.org/html-entities/-/html-entities-2.6.0.tgz. Extracting by manifest.
405 silly tarball no local data for gtoken@https://registry.npmjs.org/gtoken/-/gtoken-7.1.0.tgz. Extracting by manifest.
406 silly tarball no local data for https-proxy-agent@https://registry.npmjs.org/https-proxy-agent/-/https-proxy-agent-5.0.1.tgz. Extracting by manifest.
407 silly tarball no local data for http-parser-js@https://registry.npmjs.org/http-parser-js/-/http-parser-js-0.5.10.tgz. Extracting by manifest.
408 silly tarball no local data for google-gax@https://registry.npmjs.org/google-gax/-/google-gax-4.6.1.tgz. Extracting by manifest.
409 silly tarball no local data for google-logging-utils@https://registry.npmjs.org/google-logging-utils/-/google-logging-utils-0.0.2.tgz. Extracting by manifest.
410 silly tarball no local data for google-auth-library@https://registry.npmjs.org/google-auth-library/-/google-auth-library-9.15.1.tgz. Extracting by manifest.
411 silly tarball no local data for gcp-metadata@https://registry.npmjs.org/gcp-metadata/-/gcp-metadata-6.1.1.tgz. Extracting by manifest.
412 silly tarball no local data for get-caller-file@https://registry.npmjs.org/get-caller-file/-/get-caller-file-2.0.5.tgz. Extracting by manifest.
413 silly tarball no local data for gaxios@https://registry.npmjs.org/gaxios/-/gaxios-6.7.1.tgz. Extracting by manifest.
414 silly tarball no local data for fresh@https://registry.npmjs.org/fresh/-/fresh-0.5.2.tgz. Extracting by manifest.
415 silly tarball no local data for functional-red-black-tree@https://registry.npmjs.org/functional-red-black-tree/-/functional-red-black-tree-1.0.1.tgz. Extracting by manifest.
416 silly tarball no local data for form-data@https://registry.npmjs.org/form-data/-/form-data-4.0.6.tgz. Extracting by manifest.
417 silly tarball no local data for follow-redirects@https://registry.npmjs.org/follow-redirects/-/follow-redirects-1.16.0.tgz. Extracting by manifest.
418 silly tarball no local data for firebase-admin@https://registry.npmjs.org/firebase-admin/-/firebase-admin-12.7.0.tgz. Extracting by manifest.
419 silly tarball no local data for finalhandler@https://registry.npmjs.org/finalhandler/-/finalhandler-1.3.2.tgz. Extracting by manifest.
420 silly tarball no local data for fast-xml-parser@https://registry.npmjs.org/fast-xml-parser/-/fast-xml-parser-5.9.2.tgz. Extracting by manifest.
421 silly tarball no local data for faye-websocket@https://registry.npmjs.org/faye-websocket/-/faye-websocket-0.11.4.tgz. Extracting by manifest.
422 silly tarball no local data for express@https://registry.npmjs.org/express/-/express-4.22.2.tgz. Extracting by manifest.
423 silly tarball no local data for farmhash-modern@https://registry.npmjs.org/farmhash-modern/-/farmhash-modern-1.1.0.tgz. Extracting by manifest.
424 silly tarball no local data for exponential-backoff@https://registry.npmjs.org/exponential-backoff/-/exponential-backoff-3.1.3.tgz. Extracting by manifest.
425 silly tarball no local data for form-data@https://registry.npmjs.org/form-data/-/form-data-2.5.6.tgz. Extracting by manifest.
426 silly tarball no local data for @grpc/proto-loader@https://registry.npmjs.org/@grpc/proto-loader/-/proto-loader-0.8.1.tgz. Extracting by manifest.
427 silly tarball no local data for uuid@https://registry.npmjs.org/uuid/-/uuid-9.0.1.tgz. Extracting by manifest.
428 silly tarball no local data for yallist@https://registry.npmjs.org/yallist/-/yallist-5.0.0.tgz. Extracting by manifest.
429 silly tarball no local data for uuid@https://registry.npmjs.org/uuid/-/uuid-8.3.2.tgz. Extracting by manifest.
430 silly tarball no local data for uuid@https://registry.npmjs.org/uuid/-/uuid-9.0.1.tgz. Extracting by manifest.
431 silly tarball no local data for mime@https://registry.npmjs.org/mime/-/mime-1.6.0.tgz. Extracting by manifest.
432 silly tarball no local data for uuid@https://registry.npmjs.org/uuid/-/uuid-9.0.1.tgz. Extracting by manifest.
433 http fetch GET 200 https://registry.npmjs.org/@protobufjs/eventemitter/-/eventemitter-1.1.1.tgz 386ms (cache miss)
434 http fetch GET 200 https://registry.npmjs.org/@protobufjs/utf8/-/utf8-1.1.1.tgz 406ms (cache miss)
435 http fetch GET 200 https://registry.npmjs.org/@protobufjs/base64/-/base64-1.1.2.tgz 431ms (cache miss)
436 http fetch GET 200 https://registry.npmjs.org/@protobufjs/pool/-/pool-1.1.0.tgz 442ms (cache miss)
437 http fetch GET 200 https://registry.npmjs.org/@protobufjs/path/-/path-1.1.2.tgz 448ms (cache miss)
438 http fetch POST 200 https://registry.npmjs.org/-/npm/v1/security/advisories/bulk 611ms
439 silly audit report {
439 silly audit report   uuid: [
439 silly audit report     {
439 silly audit report       id: 1119441,
439 silly audit report       url: 'https://github.com/advisories/GHSA-w5hq-g745-h8pq',
439 silly audit report       title: 'uuid: Missing buffer bounds check in v3/v5/v6 when buf is provided',
439 silly audit report       severity: 'moderate',
439 silly audit report       vulnerable_versions: '<11.1.1',
439 silly audit report       cwe: [Array],
439 silly audit report       cvss: [Object]
439 silly audit report     }
439 silly audit report   ]
439 silly audit report }
440 silly packumentCache corgi:https://registry.npmjs.org/uuid cache-miss
441 http fetch GET 200 https://registry.npmjs.org/@types/long/-/long-4.0.2.tgz 589ms (cache miss)
442 http fetch GET 200 https://registry.npmjs.org/@types/tough-cookie/-/tough-cookie-4.0.5.tgz 598ms (cache miss)
443 http fetch GET 200 https://registry.npmjs.org/@protobufjs/fetch/-/fetch-1.1.1.tgz 608ms (cache miss)
444 http fetch GET 200 https://registry.npmjs.org/@types/request/-/request-2.48.13.tgz 620ms (cache miss)
445 http fetch GET 200 https://registry.npmjs.org/@types/caseless/-/caseless-0.12.5.tgz 620ms (cache miss)
446 http fetch GET 200 https://registry.npmjs.org/@protobufjs/codegen/-/codegen-2.0.5.tgz 622ms (cache miss)
447 http fetch GET 200 https://registry.npmjs.org/@tootallnate/once/-/once-2.0.1.tgz 667ms (cache miss)
448 http fetch GET 200 https://registry.npmjs.org/@js-sdsl/ordered-map/-/ordered-map-4.4.2.tgz 665ms (cache miss)
449 http fetch GET 200 https://registry.npmjs.org/@protobufjs/aspromise/-/aspromise-1.1.2.tgz 708ms (cache miss)
450 http fetch GET 200 https://registry.npmjs.org/@nodable/entities/-/entities-2.2.0.tgz 775ms (cache miss)
451 http fetch GET 200 https://registry.npmjs.org/@types/node/-/node-22.19.21.tgz 823ms (cache miss)
452 http fetch GET 200 https://registry.npmjs.org/@protobufjs/float/-/float-1.0.2.tgz 897ms (cache miss)
453 http fetch GET 200 https://registry.npmjs.org/@isaacs/fs-minipass/-/fs-minipass-4.0.1.tgz 915ms (cache miss)
454 http fetch GET 200 https://registry.npmjs.org/@grpc/proto-loader/-/proto-loader-0.7.15.tgz 944ms (cache miss)
455 http fetch GET 200 https://registry.npmjs.org/@google-cloud/promisify/-/promisify-4.0.0.tgz 969ms (cache miss)
456 http fetch GET 200 https://registry.npmjs.org/@google-cloud/paginator/-/paginator-5.0.2.tgz 985ms (cache miss)
457 http fetch GET 200 https://registry.npmjs.org/@google-cloud/projectify/-/projectify-4.0.0.tgz 992ms (cache miss)
458 http fetch GET 200 https://registry.npmjs.org/yallist/-/yallist-4.0.0.tgz 989ms (cache miss)
459 http fetch GET 200 https://registry.npmjs.org/@firebase/database-types/-/database-types-1.0.5.tgz 1017ms (cache miss)
460 http fetch GET 200 https://registry.npmjs.org/y18n/-/y18n-5.0.8.tgz 1032ms (cache miss)
461 http fetch GET 200 https://registry.npmjs.org/xml-naming/-/xml-naming-0.1.0.tgz 1040ms (cache miss)
462 http fetch GET 200 https://registry.npmjs.org/which/-/which-6.0.1.tgz 1061ms (cache miss)
463 http fetch GET 200 https://registry.npmjs.org/@firebase/auth-interop-types/-/auth-interop-types-0.2.3.tgz 1091ms (cache miss)
464 http fetch GET 200 https://registry.npmjs.org/utils-merge/-/utils-merge-1.0.1.tgz 1104ms (cache miss)
465 http fetch GET 200 https://registry.npmjs.org/@firebase/logger/-/logger-0.4.2.tgz 1130ms (cache miss)
466 http fetch GET 200 https://registry.npmjs.org/yargs-parser/-/yargs-parser-21.1.1.tgz 1124ms (cache miss)
467 http fetch GET 200 https://registry.npmjs.org/websocket-extensions/-/websocket-extensions-0.1.4.tgz 1128ms (cache miss)
468 http fetch GET 200 https://registry.npmjs.org/type-is/-/type-is-1.6.18.tgz 1126ms (cache miss)
469 http fetch GET 200 https://registry.npmjs.org/websocket-driver/-/websocket-driver-0.7.5.tgz 1159ms (cache miss)
470 http fetch GET 200 https://registry.npmjs.org/yargs/-/yargs-17.7.2.tgz 1295ms (cache miss)
471 http fetch GET 200 https://registry.npmjs.org/@firebase/app-check-interop-types/-/app-check-interop-types-0.3.2.tgz 1361ms (cache miss)
472 http fetch GET 200 https://registry.npmjs.org/@firebase/app-types/-/app-types-0.9.2.tgz 1376ms (cache miss)
473 http fetch GET 200 https://registry.npmjs.org/stubs/-/stubs-3.0.0.tgz 1365ms (cache miss)
474 http fetch GET 200 https://registry.npmjs.org/stream-shift/-/stream-shift-1.0.3.tgz 1393ms (cache miss)
475 http fetch GET 200 https://registry.npmjs.org/strnum/-/strnum-2.4.0.tgz 1396ms (cache miss)
476 http fetch GET 200 https://registry.npmjs.org/undefsafe/-/undefsafe-2.0.5.tgz 1416ms (cache miss)
477 http fetch GET 200 https://registry.npmjs.org/side-channel/-/side-channel-1.1.1.tgz 1414ms (cache miss)
478 http fetch GET 200 https://registry.npmjs.org/touch/-/touch-3.1.1.tgz 1443ms (cache miss)
479 http fetch GET 200 https://registry.npmjs.org/stream-events/-/stream-events-1.0.5.tgz 1469ms (cache miss)
480 http fetch GET 200 https://registry.npmjs.org/simple-update-notifier/-/simple-update-notifier-2.0.0.tgz 1482ms (cache miss)
481 http fetch GET 200 https://registry.npmjs.org/send/-/send-0.19.2.tgz 1524ms (cache miss)
482 http fetch GET 200 https://registry.npmjs.org/retry-request/-/retry-request-7.0.2.tgz 1524ms (cache miss)
483 http fetch GET 200 https://registry.npmjs.org/raw-body/-/raw-body-2.5.3.tgz 1542ms (cache miss)
484 http fetch GET 200 https://registry.npmjs.org/retry/-/retry-0.13.1.tgz 1545ms (cache miss)
485 http fetch GET 200 https://registry.npmjs.org/require-directory/-/require-directory-2.1.1.tgz 1588ms (cache miss)
486 http fetch GET 200 https://registry.npmjs.org/@firebase/component/-/component-0.6.9.tgz 1623ms (cache miss)
487 http fetch GET 200 https://registry.npmjs.org/proxy-from-env/-/proxy-from-env-2.1.0.tgz 1686ms (cache miss)
488 http fetch GET 200 https://registry.npmjs.org/proc-log/-/proc-log-6.1.0.tgz 1827ms (cache miss)
489 http fetch GET 200 https://registry.npmjs.org/pg-pool/-/pg-pool-3.14.0.tgz 1857ms (cache miss)
490 http fetch GET 200 https://registry.npmjs.org/pstree.remy/-/pstree.remy-1.1.8.tgz 1874ms (cache miss)
491 http fetch GET 200 https://registry.npmjs.org/pg-cloudflare/-/pg-cloudflare-1.4.0.tgz 1892ms (cache miss)
492 http fetch GET 200 https://registry.npmjs.org/on-headers/-/on-headers-1.1.0.tgz 1892ms (cache miss)
493 http fetch GET 200 https://registry.npmjs.org/@firebase/util/-/util-1.10.0.tgz 1956ms (cache miss)
494 http fetch GET 200 https://registry.npmjs.org/pg-connection-string/-/pg-connection-string-2.13.0.tgz 1930ms (cache miss)
495 http fetch GET 200 https://registry.npmjs.org/path-to-regexp/-/path-to-regexp-0.1.13.tgz 1936ms (cache miss)
496 http fetch GET 200 https://registry.npmjs.org/nopt/-/nopt-9.0.0.tgz 1936ms (cache miss)
497 http fetch GET 200 https://registry.npmjs.org/negotiator/-/negotiator-0.6.3.tgz 2075ms (cache miss)
498 http fetch GET 200 https://registry.npmjs.org/media-typer/-/media-typer-0.3.0.tgz 2091ms (cache miss)
499 http fetch GET 200 https://registry.npmjs.org/morgan/-/morgan-1.11.0.tgz 2092ms (cache miss)
500 http fetch GET 200 https://registry.npmjs.org/methods/-/methods-1.1.2.tgz 2096ms (cache miss)
501 http fetch GET 200 https://registry.npmjs.org/ms/-/ms-2.0.0.tgz 2105ms (cache miss)
502 http fetch GET 200 https://registry.npmjs.org/merge-descriptors/-/merge-descriptors-1.0.3.tgz 2099ms (cache miss)
503 http fetch GET 200 https://registry.npmjs.org/lru-cache/-/lru-cache-6.0.0.tgz 2101ms (cache miss)
504 http fetch GET 200 https://registry.npmjs.org/@fastify/busboy/-/busboy-3.2.0.tgz 2158ms (cache miss)
505 http fetch GET 200 https://registry.npmjs.org/node-fetch/-/node-fetch-2.7.0.tgz 2125ms (cache miss)
506 http fetch GET 200 https://registry.npmjs.org/qs/-/qs-6.15.2.tgz 2148ms (cache miss)
507 http fetch GET 200 https://registry.npmjs.org/lodash.clonedeep/-/lodash.clonedeep-4.5.0.tgz 2131ms (cache miss)
508 http fetch GET 200 https://registry.npmjs.org/lodash.camelcase/-/lodash.camelcase-4.3.0.tgz 2137ms (cache miss)
509 http fetch GET 200 https://registry.npmjs.org/json-bigint/-/json-bigint-1.0.0.tgz 2135ms (cache miss)
510 http fetch GET 200 https://registry.npmjs.org/mime/-/mime-3.0.0.tgz 2158ms (cache miss)
511 http fetch GET 200 https://registry.npmjs.org/@google-cloud/storage/-/storage-7.21.0.tgz 2222ms (cache miss)
512 http fetch GET 200 https://registry.npmjs.org/is-stream/-/is-stream-2.0.1.tgz 2168ms (cache miss)
513 http fetch GET 200 https://registry.npmjs.org/limiter/-/limiter-1.1.5.tgz 2185ms (cache miss)
514 http fetch GET 200 https://registry.npmjs.org/serve-static/-/serve-static-1.16.3.tgz 2239ms (cache miss)
515 http fetch GET 200 https://registry.npmjs.org/pg/-/pg-8.21.0.tgz 2243ms (cache miss)
516 http fetch GET 200 https://registry.npmjs.org/ignore-by-default/-/ignore-by-default-1.0.1.tgz 2224ms (cache miss)
517 http fetch GET 200 https://registry.npmjs.org/teeny-request/-/teeny-request-9.0.0.tgz 2280ms (cache miss)
518 http fetch GET 200 https://registry.npmjs.org/gtoken/-/gtoken-7.1.0.tgz 2333ms (cache miss)
519 http fetch GET 200 https://registry.npmjs.org/node-addon-api/-/node-addon-api-8.8.0.tgz 2406ms (cache miss)
520 http fetch GET 200 https://registry.npmjs.org/http-proxy-agent/-/http-proxy-agent-5.0.0.tgz 2383ms (cache miss)
521 http fetch GET 200 https://registry.npmjs.org/fresh/-/fresh-0.5.2.tgz 2379ms (cache miss)
522 http fetch GET 200 https://registry.npmjs.org/faye-websocket/-/faye-websocket-0.11.4.tgz 2384ms (cache miss)
523 http fetch GET 200 https://registry.npmjs.org/get-caller-file/-/get-caller-file-2.0.5.tgz 2393ms (cache miss)
524 http fetch GET 200 https://registry.npmjs.org/finalhandler/-/finalhandler-1.3.2.tgz 2391ms (cache miss)
525 http fetch GET 200 https://registry.npmjs.org/http-parser-js/-/http-parser-js-0.5.10.tgz 2402ms (cache miss)
526 http fetch GET 200 https://registry.npmjs.org/minipass/-/minipass-7.1.3.tgz 2431ms (cache miss)
527 http fetch GET 200 https://registry.npmjs.org/functional-red-black-tree/-/functional-red-black-tree-1.0.1.tgz 2428ms (cache miss)
528 http fetch GET 200 https://registry.npmjs.org/follow-redirects/-/follow-redirects-1.16.0.tgz 2434ms (cache miss)
529 http fetch GET 200 https://registry.npmjs.org/pg-protocol/-/pg-protocol-1.14.0.tgz 2478ms (cache miss)
530 http fetch GET 200 https://registry.npmjs.org/long/-/long-5.3.2.tgz 2463ms (cache miss)
531 http fetch GET 200 https://registry.npmjs.org/mime/-/mime-1.6.0.tgz 2429ms (cache miss)
532 http fetch GET 200 https://registry.npmjs.org/https-proxy-agent/-/https-proxy-agent-5.0.1.tgz 2499ms (cache miss)
533 http fetch GET 200 https://registry.npmjs.org/form-data/-/form-data-2.5.6.tgz 2504ms (cache miss)
534 http fetch GET 200 https://registry.npmjs.org/form-data/-/form-data-4.0.6.tgz 2517ms (cache miss)
535 http fetch GET 200 https://registry.npmjs.org/gcp-metadata/-/gcp-metadata-6.1.1.tgz 2527ms (cache miss)
536 http fetch GET 200 https://registry.npmjs.org/minizlib/-/minizlib-3.1.0.tgz 2565ms (cache miss)
537 http fetch GET 200 https://registry.npmjs.org/is-unsafe/-/is-unsafe-1.0.1.tgz 2558ms (cache miss)
538 http fetch GET 200 https://registry.npmjs.org/lru-memoizer/-/lru-memoizer-2.3.0.tgz 2751ms (cache miss)
539 http fetch GET 200 https://registry.npmjs.org/@grpc/proto-loader/-/proto-loader-0.8.1.tgz 2736ms (cache miss)
540 http fetch GET 200 https://registry.npmjs.org/uuid 2358ms (cache miss)
541 silly packumentCache corgi:https://registry.npmjs.org/uuid set size:undefined disposed:false
542 http fetch GET 200 https://registry.npmjs.org/google-logging-utils/-/google-logging-utils-0.0.2.tgz 2773ms (cache miss)
543 http fetch GET 200 https://registry.npmjs.org/jwks-rsa/-/jwks-rsa-3.2.2.tgz 2789ms (cache miss)
544 http fetch GET 200 https://registry.npmjs.org/yallist/-/yallist-5.0.0.tgz 2764ms (cache miss)
545 http fetch GET 200 https://registry.npmjs.org/farmhash-modern/-/farmhash-modern-1.1.0.tgz 2797ms (cache miss)
546 silly packumentCache corgi:https://registry.npmjs.org/gaxios cache-miss
547 silly packumentCache corgi:https://registry.npmjs.org/google-gax cache-miss
548 silly packumentCache corgi:https://registry.npmjs.org/sequelize cache-miss
549 silly packumentCache corgi:https://registry.npmjs.org/teeny-request cache-miss
550 silly packumentCache corgi:https://registry.npmjs.org/firebase-admin cache-miss
551 http fetch GET 200 https://registry.npmjs.org/express/-/express-4.22.2.tgz 2847ms (cache miss)
552 http fetch GET 200 https://registry.npmjs.org/iconv-lite/-/iconv-lite-0.4.24.tgz 2895ms (cache miss)
553 http fetch GET 200 https://registry.npmjs.org/nodemon/-/nodemon-3.1.14.tgz 2949ms (cache miss)
554 http fetch GET 200 https://registry.npmjs.org/gaxios/-/gaxios-6.7.1.tgz 2920ms (cache miss)
555 http fetch GET 200 https://registry.npmjs.org/uuid/-/uuid-10.0.0.tgz 2988ms (cache miss)
556 http fetch GET 200 https://registry.npmjs.org/proto3-json-serializer/-/proto3-json-serializer-2.0.2.tgz 2971ms (cache miss)
557 warn deprecated uuid@10.0.0: uuid@10 and below is no longer supported.  For ESM codebases, update to uuid@latest.  For CommonJS codebases, use uuid@11 (but be aware this version will likely be deprecated in 2028).
558 http fetch GET 200 https://registry.npmjs.org/html-entities/-/html-entities-2.6.0.tgz 2943ms (cache miss)
559 http fetch GET 200 https://registry.npmjs.org/sqlite3/-/sqlite3-6.0.1.tgz 3046ms (cache miss)
560 http fetch GET 200 https://registry.npmjs.org/@firebase/database-compat/-/database-compat-1.0.8.tgz 3077ms (cache miss)
561 http fetch GET 200 https://registry.npmjs.org/isexe/-/isexe-4.0.0.tgz 3060ms (cache miss)
562 http fetch GET 200 https://registry.npmjs.org/firebase-admin 334ms (cache miss)
563 silly packumentCache corgi:https://registry.npmjs.org/firebase-admin set size:undefined disposed:false
564 http fetch GET 200 https://registry.npmjs.org/node-forge/-/node-forge-1.4.0.tgz 3221ms (cache miss)
565 http fetch GET 200 https://registry.npmjs.org/exponential-backoff/-/exponential-backoff-3.1.3.tgz 3190ms (cache miss)
566 http fetch GET 200 https://registry.npmjs.org/teeny-request 391ms (cache miss)
567 silly packumentCache corgi:https://registry.npmjs.org/teeny-request set size:undefined disposed:false
568 http fetch GET 200 https://registry.npmjs.org/gaxios 403ms (cache miss)
569 silly packumentCache corgi:https://registry.npmjs.org/gaxios set size:undefined disposed:false
570 http fetch GET 200 https://registry.npmjs.org/google-gax 484ms (cache miss)
571 silly packumentCache corgi:https://registry.npmjs.org/google-gax set size:undefined disposed:false
572 http fetch GET 200 https://registry.npmjs.org/sequelize 506ms (cache miss)
573 silly packumentCache corgi:https://registry.npmjs.org/sequelize set size:undefined disposed:false
574 http fetch GET 200 https://registry.npmjs.org/protobufjs/-/protobufjs-7.6.4.tgz 3425ms (cache miss)
575 silly packumentCache corgi:https://registry.npmjs.org/@google-cloud%2fstorage cache-miss
576 silly packumentCache corgi:https://registry.npmjs.org/retry-request cache-miss
577 http fetch GET 200 https://registry.npmjs.org/uuid/-/uuid-8.3.2.tgz 3447ms (cache miss)
578 warn deprecated uuid@8.3.2: uuid@10 and below is no longer supported.  For ESM codebases, update to uuid@latest.  For CommonJS codebases, use uuid@11 (but be aware this version will likely be deprecated in 2028).
579 http fetch GET 200 https://registry.npmjs.org/fast-xml-parser/-/fast-xml-parser-5.9.2.tgz 3491ms (cache miss)
580 http fetch GET 200 https://registry.npmjs.org/uuid/-/uuid-9.0.1.tgz 3514ms (cache miss)
581 http fetch GET 200 https://registry.npmjs.org/uuid/-/uuid-9.0.1.tgz 3515ms (cache miss)
582 warn deprecated uuid@9.0.1: uuid@10 and below is no longer supported.  For ESM codebases, update to uuid@latest.  For CommonJS codebases, use uuid@11 (but be aware this version will likely be deprecated in 2028).
583 warn deprecated uuid@9.0.1: uuid@10 and below is no longer supported.  For ESM codebases, update to uuid@latest.  For CommonJS codebases, use uuid@11 (but be aware this version will likely be deprecated in 2028).
584 http fetch GET 200 https://registry.npmjs.org/uuid/-/uuid-9.0.1.tgz 3517ms (cache miss)
585 warn deprecated uuid@9.0.1: uuid@10 and below is no longer supported.  For ESM codebases, update to uuid@latest.  For CommonJS codebases, use uuid@11 (but be aware this version will likely be deprecated in 2028).
586 http fetch GET 200 https://registry.npmjs.org/undici/-/undici-6.27.0.tgz 3664ms (cache miss)
587 http fetch GET 200 https://registry.npmjs.org/google-auth-library/-/google-auth-library-9.15.1.tgz 3676ms (cache miss)
588 http fetch GET 200 https://registry.npmjs.org/retry-request 284ms (cache miss)
589 silly packumentCache corgi:https://registry.npmjs.org/retry-request set size:undefined disposed:false
590 http fetch GET 200 https://registry.npmjs.org/validator/-/validator-13.15.35.tgz 3802ms (cache miss)
591 http fetch GET 200 https://registry.npmjs.org/node-gyp/-/node-gyp-12.4.0.tgz 3830ms (cache miss)
592 http fetch GET 200 https://registry.npmjs.org/tar/-/tar-7.5.16.tgz 4102ms (cache miss)
593 http fetch GET 200 https://registry.npmjs.org/@google-cloud%2fstorage 637ms (cache miss)
594 silly packumentCache corgi:https://registry.npmjs.org/@google-cloud%2fstorage set size:undefined disposed:false
595 silly packumentCache corgi:https://registry.npmjs.org/gcp-metadata cache-miss
596 silly packumentCache corgi:https://registry.npmjs.org/google-auth-library cache-miss
597 silly packumentCache corgi:https://registry.npmjs.org/gtoken cache-miss
598 http fetch GET 200 https://registry.npmjs.org/@google-cloud/firestore/-/firestore-7.11.6.tgz 4286ms (cache miss)
599 http fetch GET 200 https://registry.npmjs.org/gtoken 318ms (cache miss)
600 silly packumentCache corgi:https://registry.npmjs.org/gtoken set size:undefined disposed:false
601 http fetch GET 200 https://registry.npmjs.org/gcp-metadata 354ms (cache miss)
602 silly packumentCache corgi:https://registry.npmjs.org/gcp-metadata set size:undefined disposed:false
603 http fetch GET 200 https://registry.npmjs.org/google-auth-library 382ms (cache miss)
604 silly packumentCache corgi:https://registry.npmjs.org/google-auth-library set size:undefined disposed:false
605 silly packumentCache corgi:https://registry.npmjs.org/@google-cloud%2ffirestore cache-miss
606 http fetch GET 200 https://registry.npmjs.org/firebase-admin/-/firebase-admin-12.7.0.tgz 4491ms (cache miss)
607 http fetch GET 200 https://registry.npmjs.org/underscore/-/underscore-1.13.8.tgz 4675ms (cache miss)
608 http fetch GET 200 https://registry.npmjs.org/@firebase/database/-/database-1.0.8.tgz 4782ms (cache miss)
609 http fetch GET 200 https://registry.npmjs.org/sequelize/-/sequelize-6.37.8.tgz 4814ms (cache miss)
610 http fetch GET 200 https://registry.npmjs.org/jose/-/jose-4.15.9.tgz 4883ms (cache miss)
611 http fetch GET 200 https://registry.npmjs.org/google-gax/-/google-gax-4.6.1.tgz 5113ms (cache miss)
612 http fetch GET 200 https://registry.npmjs.org/@google-cloud%2ffirestore 643ms (cache miss)
613 silly packumentCache corgi:https://registry.npmjs.org/@google-cloud%2ffirestore set size:undefined disposed:false
614 http fetch GET 200 https://registry.npmjs.org/@opentelemetry/api/-/api-1.9.1.tgz 5356ms (cache miss)
615 http fetch GET 200 https://registry.npmjs.org/lodash/-/lodash-4.18.1.tgz 5562ms (cache miss)
616 http fetch GET 200 https://registry.npmjs.org/@grpc/grpc-js/-/grpc-js-1.14.4.tgz 5737ms (cache miss)
617 info run sqlite3@6.0.1 install node_modules/sqlite3 prebuild-install -r napi || node-gyp rebuild
618 info run sqlite3@6.0.1 install { code: 0, signal: null }
619 info run protobufjs@7.6.4 postinstall node_modules/protobufjs node scripts/postinstall
620 info run protobufjs@7.6.4 postinstall { code: 0, signal: null }
621 silly CHANGE node_modules/@types/tough-cookie
622 silly CHANGE node_modules/@types/request
623 silly CHANGE node_modules/@types/request/node_modules/form-data
624 silly CHANGE node_modules/@types/node
625 silly CHANGE node_modules/@types/long
626 silly CHANGE node_modules/@types/caseless
627 silly CHANGE node_modules/@tootallnate/once
628 silly CHANGE node_modules/@protobufjs/utf8
629 silly CHANGE node_modules/@protobufjs/pool
630 silly CHANGE node_modules/@protobufjs/path
631 silly CHANGE node_modules/@protobufjs/float
632 silly CHANGE node_modules/@protobufjs/fetch
633 silly CHANGE node_modules/@protobufjs/codegen
634 silly CHANGE node_modules/@protobufjs/eventemitter
635 silly CHANGE node_modules/@protobufjs/base64
636 silly CHANGE node_modules/@protobufjs/aspromise
637 silly CHANGE node_modules/@opentelemetry/api
638 silly CHANGE node_modules/@nodable/entities
639 silly CHANGE node_modules/@js-sdsl/ordered-map
640 silly CHANGE node_modules/@isaacs/fs-minipass
641 silly CHANGE node_modules/@grpc/proto-loader
642 silly CHANGE node_modules/@grpc/grpc-js
643 silly CHANGE node_modules/@grpc/grpc-js/node_modules/@grpc/proto-loader
644 silly CHANGE node_modules/@google-cloud/storage
645 silly CHANGE node_modules/@google-cloud/projectify
646 silly CHANGE node_modules/@google-cloud/promisify
647 silly CHANGE node_modules/@google-cloud/paginator
648 silly CHANGE node_modules/@google-cloud/firestore
649 silly CHANGE node_modules/@firebase/util
650 silly CHANGE node_modules/@firebase/logger
651 silly CHANGE node_modules/@firebase/database-types
652 silly CHANGE node_modules/@firebase/database-compat
653 silly CHANGE node_modules/@firebase/database
654 silly CHANGE node_modules/@firebase/component
655 silly CHANGE node_modules/@firebase/auth-interop-types
656 silly CHANGE node_modules/@firebase/app-types
657 silly CHANGE node_modules/@firebase/app-check-interop-types
658 silly CHANGE node_modules/@fastify/busboy
659 silly CHANGE node_modules/yargs-parser
660 silly CHANGE node_modules/yallist
661 silly CHANGE node_modules/yargs
662 silly CHANGE node_modules/y18n
663 silly CHANGE node_modules/xml-naming
664 silly CHANGE node_modules/websocket-extensions
665 silly CHANGE node_modules/which
666 silly CHANGE node_modules/websocket-driver
667 silly CHANGE node_modules/validator
668 silly CHANGE node_modules/uuid
669 silly CHANGE node_modules/utils-merge
670 silly CHANGE node_modules/undici
671 silly CHANGE node_modules/undefsafe
672 silly CHANGE node_modules/underscore
673 silly CHANGE node_modules/type-is
674 silly CHANGE node_modules/touch
675 silly CHANGE node_modules/teeny-request
676 silly CHANGE node_modules/teeny-request/node_modules/uuid
677 silly CHANGE node_modules/tar
678 silly CHANGE node_modules/tar/node_modules/yallist
679 silly CHANGE node_modules/stubs
680 silly CHANGE node_modules/strnum
681 silly CHANGE node_modules/stream-shift
682 silly CHANGE node_modules/stream-events
683 silly CHANGE node_modules/sqlite3
684 silly CHANGE node_modules/simple-update-notifier
685 silly CHANGE node_modules/side-channel
686 silly CHANGE node_modules/serve-static
687 silly CHANGE node_modules/sequelize
688 silly CHANGE node_modules/sequelize/node_modules/uuid
689 silly CHANGE node_modules/send
690 silly CHANGE node_modules/send/node_modules/mime
691 silly CHANGE node_modules/retry-request
692 silly CHANGE node_modules/retry
693 silly CHANGE node_modules/require-directory
694 silly CHANGE node_modules/raw-body
695 silly CHANGE node_modules/qs
696 silly CHANGE node_modules/pstree.remy
697 silly CHANGE node_modules/proxy-from-env
698 silly CHANGE node_modules/protobufjs
699 silly CHANGE node_modules/proto3-json-serializer
700 silly CHANGE node_modules/proc-log
701 silly CHANGE node_modules/pg-protocol
702 silly CHANGE node_modules/pg-pool
703 silly CHANGE node_modules/pg-connection-string
704 silly CHANGE node_modules/pg-cloudflare
705 silly CHANGE node_modules/pg
706 silly CHANGE node_modules/path-to-regexp
707 silly CHANGE node_modules/on-headers
708 silly CHANGE node_modules/nopt
709 silly CHANGE node_modules/nodemon
710 silly CHANGE node_modules/node-gyp
711 silly CHANGE node_modules/node-forge
712 silly CHANGE node_modules/node-fetch
713 silly CHANGE node_modules/node-addon-api
714 silly CHANGE node_modules/negotiator
715 silly CHANGE node_modules/ms
716 silly CHANGE node_modules/morgan
717 silly CHANGE node_modules/minizlib
718 silly CHANGE node_modules/minipass
719 silly CHANGE node_modules/mime
720 silly CHANGE node_modules/methods
721 silly CHANGE node_modules/media-typer
722 silly CHANGE node_modules/merge-descriptors
723 silly CHANGE node_modules/lru-cache
724 silly CHANGE node_modules/lru-memoizer
725 silly CHANGE node_modules/long
726 silly CHANGE node_modules/lodash.clonedeep
727 silly CHANGE node_modules/lodash.camelcase
728 silly CHANGE node_modules/lodash
729 silly CHANGE node_modules/limiter
730 silly CHANGE node_modules/jwks-rsa
731 silly CHANGE node_modules/json-bigint
732 silly CHANGE node_modules/isexe
733 silly CHANGE node_modules/jose
734 silly CHANGE node_modules/is-stream
735 silly CHANGE node_modules/is-unsafe
736 silly CHANGE node_modules/ignore-by-default
737 silly CHANGE node_modules/iconv-lite
738 silly CHANGE node_modules/http-proxy-agent
739 silly CHANGE node_modules/https-proxy-agent
740 silly CHANGE node_modules/http-parser-js
741 silly CHANGE node_modules/html-entities
742 silly CHANGE node_modules/gtoken
743 silly CHANGE node_modules/google-gax
744 silly CHANGE node_modules/google-gax/node_modules/uuid
745 silly CHANGE node_modules/google-logging-utils
746 silly CHANGE node_modules/google-auth-library
747 silly CHANGE node_modules/get-caller-file
748 silly CHANGE node_modules/gcp-metadata
749 silly CHANGE node_modules/gaxios
750 silly CHANGE node_modules/gaxios/node_modules/uuid
751 silly CHANGE node_modules/functional-red-black-tree
752 silly CHANGE node_modules/fresh
753 silly CHANGE node_modules/form-data
754 silly CHANGE node_modules/firebase-admin
755 silly CHANGE node_modules/follow-redirects
756 silly CHANGE node_modules/finalhandler
757 silly CHANGE node_modules/faye-websocket
758 silly CHANGE node_modules/fast-xml-parser
759 silly CHANGE node_modules/express
760 silly CHANGE node_modules/farmhash-modern
761 silly CHANGE node_modules/exponential-backoff
762 verbose cwd C:\Users\Windows 10\Desktop\24-20260611T144137Z-3-001(1)\server
763 verbose os Windows_NT 10.0.19045
764 verbose node v25.9.0
765 verbose npm  v11.12.1
766 notice
766 notice New minor version of npm available! 11.12.1 -> 11.17.0
766 notice Changelog: https://github.com/npm/cli/releases/tag/v11.17.0
766 notice To update run: npm install -g npm@11.17.0
766 notice  { force: true, Symbol(proc-log.meta): true }
767 verbose exit 0
768 info ok
